year,round,constructorId,points,wins,position
2018,1,ferrari,40,1,1
2018,1,mercedes,22,0,2
2018,1,red_bull,20,0,3
2018,1,mclaren,12,0,4
2018,1,renault,7,0,5
2018,1,force_india,0,0,6
2018,1,sauber,0,0,7
2018,1,williams,0,0,8
2018,1,toro_rosso,0,0,9
2018,1,haas,0,0,-
2018,2,ferrari,65,2,1
2018,2,mercedes,55,0,2
2018,2,mclaren,22,0,3
2018,2,red_bull,20,0,4
2018,2,renault,15,0,5
2018,2,toro_rosso,12,0,6
2018,2,haas,10,0,7
2018,2,sauber,2,0,8
2018,2,force_india,1,0,9
2018,2,williams,0,0,10
2018,3,mercedes,85,0,1
2018,3,ferrari,84,2,2
2018,3,red_bull,55,1,3
2018,3,mclaren,28,0,4
2018,3,renault,25,0,5
2018,3,toro_rosso,12,0,6
2018,3,haas,11,0,7
2018,3,sauber,2,0,8
2018,3,force_india,1,0,9
2018,3,williams,0,0,10
2018,4,ferrari,114,2,1
2018,4,mercedes,110,1,2
2018,4,red_bull,55,1,3
2018,4,mclaren,36,0,4
2018,4,renault,35,0,5
2018,4,force_india,16,0,6
2018,4,toro_rosso,13,0,7
2018,4,haas,11,0,8
2018,4,sauber,10,0,9
2018,4,williams,4,0,10
2018,5,mercedes,153,2,1
2018,5,ferrari,126,2,2
2018,5,red_bull,80,1,3
2018,5,renault,41,0,4
2018,5,mclaren,40,0,5
2018,5,haas,19,0,6
2018,5,force_india,18,0,7
2018,5,toro_rosso,13,0,8
2018,5,sauber,11,0,9
2018,5,williams,4,0,10
2018,6,mercedes,178,2,1
2018,6,ferrari,156,2,2
2018,6,red_bull,107,2,3
2018,6,renault,46,0,4
2018,6,mclaren,40,0,5
2018,6,force_india,26,0,6
2018,6,toro_rosso,19,0,7
2018,6,haas,19,0,8
2018,6,sauber,11,0,9
2018,6,williams,4,0,10
2018,7,mercedes,206,2,1
2018,7,ferrari,189,3,2
2018,7,red_bull,134,2,3
2018,7,renault,56,0,4
2018,7,mclaren,40,0,5
2018,7,force_india,28,0,6
2018,7,toro_rosso,19,0,7
2018,7,haas,19,0,8
2018,7,sauber,12,0,9
2018,7,williams,4,0,10
2018,8,mercedes,237,3,1
2018,8,ferrari,214,3,2
2018,8,red_bull,164,2,3
2018,8,renault,62,0,4
2018,8,mclaren,40,0,5
2018,8,force_india,28,0,6
2018,8,haas,27,0,7
2018,8,toro_rosso,19,0,8
2018,8,sauber,13,0,9
2018,8,williams,4,0,10
2018,9,ferrari,247,3,1
2018,9,mercedes,237,3,2
2018,9,red_bull,189,3,3
2018,9,renault,62,0,4
2018,9,haas,49,0,5
2018,9,mclaren,44,0,6
2018,9,force_india,42,0,7
2018,9,toro_rosso,19,0,8
2018,9,sauber,16,0,9
2018,9,williams,4,0,10
2018,10,ferrari,287,4,1
2018,10,mercedes,267,3,2
2018,10,red_bull,199,3,3
2018,10,renault,70,0,4
2018,10,haas,51,0,5
2018,10,force_india,49,0,6
2018,10,mclaren,48,0,7
2018,10,toro_rosso,19,0,8
2018,10,sauber,16,0,9
2018,10,williams,4,0,10
2018,11,mercedes,310,4,1
2018,11,ferrari,302,4,2
2018,11,red_bull,211,3,3
2018,11,renault,80,0,4
2018,11,force_india,59,0,5
2018,11,haas,59,0,6
2018,11,mclaren,48,0,7
2018,11,toro_rosso,20,0,8
2018,11,sauber,18,0,9
2018,11,williams,4,0,10
2018,12,mercedes,345,5,1
2018,12,ferrari,335,4,2
2018,12,red_bull,223,3,3
2018,12,renault,82,0,4
2018,12,haas,66,0,5
2018,12,force_india,59,0,6
2018,12,mclaren,52,0,7
2018,12,toro_rosso,28,0,8
2018,12,sauber,18,0,9
2018,12,williams,4,0,10
2018,13,mercedes,375,5,1
2018,13,ferrari,360,5,2
2018,13,red_bull,238,3,3
2018,13,renault,82,0,4
2018,13,force_india,77,0,5
2018,13,haas,76,0,6
2018,13,mclaren,52,0,7
2018,13,toro_rosso,30,0,8
2018,13,sauber,19,0,9
2018,13,williams,4,0,10
2018,14,mercedes,415,6,1
2018,14,ferrari,390,5,2
2018,14,red_bull,248,3,3
2018,14,force_india,91,0,4
2018,14,renault,86,0,5
2018,14,haas,76,0,6
2018,14,mclaren,52,0,7
2018,14,toro_rosso,30,0,8
2018,14,sauber,19,0,9
2018,14,williams,7,0,10
2018,15,mercedes,452,7,1
2018,15,ferrari,415,5,2
2018,15,red_bull,274,3,3
2018,15,force_india,91,0,4
2018,15,renault,91,0,5
2018,15,haas,76,0,6
2018,15,mclaren,58,0,7
2018,15,toro_rosso,30,0,8
2018,15,sauber,21,0,9
2018,15,williams,7,0,10
2018,16,mercedes,495,8,1
2018,16,ferrari,442,5,2
2018,16,red_bull,292,3,3
2018,16,force_india,94,0,4
2018,16,renault,91,0,5
2018,16,haas,80,0,6
2018,16,mclaren,58,0,7
2018,16,toro_rosso,30,0,8
2018,16,sauber,27,0,9
2018,16,williams,7,0,10
2018,17,mercedes,538,9,1
2018,17,ferrari,460,5,2
2018,17,red_bull,319,3,3
2018,17,force_india,102,0,4
2018,17,renault,92,0,5
2018,17,haas,84,0,6
2018,17,mclaren,58,0,7
2018,17,toro_rosso,30,0,8
2018,17,sauber,27,0,9
2018,17,williams,7,0,10
2018,18,mercedes,563,9,1
2018,18,ferrari,497,6,2
2018,18,red_bull,337,3,3
2018,18,force_india,106,0,4
2018,18,renault,106,0,5
2018,18,haas,84,0,6
2018,18,mclaren,58,0,7
2018,18,toro_rosso,32,0,8
2018,18,sauber,28,0,9
2018,18,williams,7,0,10
2018,19,mercedes,585,9,1
2018,19,ferrari,530,6,2
2018,19,red_bull,362,4,3
2018,19,renault,114,0,4
2018,19,force_india,106,0,5
2018,19,haas,84,0,6
2018,19,mclaren,62,0,7
2018,19,sauber,36,0,8
2018,19,toro_rosso,33,0,9
2018,19,williams,7,0,10
2018,20,mercedes,620,10,1
2018,20,ferrari,553,6,2
2018,20,red_bull,392,4,3
2018,20,renault,114,0,4
2018,20,force_india,107,0,5
2018,20,haas,90,0,6
2018,20,mclaren,62,0,7
2018,20,sauber,42,0,8
2018,20,toro_rosso,33,0,9
2018,20,williams,7,0,10
2018,21,mercedes,655,11,1
2018,21,ferrari,571,6,2
2018,21,red_bull,419,4,3
2018,21,renault,122,0,4
2018,21,force_india,111,0,5
2018,21,haas,93,0,6
2018,21,mclaren,62,0,7
2018,21,sauber,48,0,8
2018,21,toro_rosso,33,0,9
2018,21,williams,7,0,10
2019,1,mercedes,44,1,1
2019,1,ferrari,22,0,2
2019,1,red_bull,15,0,3
2019,1,haas,8,0,4
2019,1,renault,6,0,5
2019,1,alfa,4,0,6
2019,1,racing_point,2,0,7
2019,1,toro_rosso,1,0,8
2019,1,mclaren,0,0,9
2019,1,williams,0,0,10
2019,2,mercedes,87,2,1
2019,2,ferrari,48,0,2
2019,2,red_bull,31,0,3
2019,2,alfa,10,0,4
2019,2,mclaren,8,0,5
2019,2,haas,8,0,6
2019,2,renault,6,0,7
2019,2,toro_rosso,3,0,8
2019,2,racing_point,3,0,9
2019,2,williams,0,0,10
2019,3,mercedes,130,3,1
2019,3,ferrari,73,0,2
2019,3,red_bull,52,0,3
2019,3,renault,12,0,4
2019,3,alfa,12,0,5
2019,3,haas,8,0,6
2019,3,mclaren,8,0,7
2019,3,racing_point,7,0,8
2019,3,toro_rosso,4,0,9
2019,3,williams,0,0,10
2019,4,mercedes,173,4,1
2019,4,ferrari,99,0,2
2019,4,red_bull,64,0,3
2019,4,mclaren,18,0,4
2019,4,racing_point,17,0,5
2019,4,alfa,13,0,6
2019,4,renault,12,0,7
2019,4,haas,8,0,8
2019,4,toro_rosso,4,0,9
2019,4,williams,0,0,10
2019,5,mercedes,217,5,1
2019,5,ferrari,121,0,2
2019,5,red_bull,87,0,3
2019,5,mclaren,22,0,4
2019,5,racing_point,17,0,5
2019,5,haas,15,0,6
2019,5,alfa,13,0,7
2019,5,renault,12,0,8
2019,5,toro_rosso,6,0,9
2019,5,williams,0,0,10
2019,6,mercedes,257,6,1
2019,6,ferrari,139,0,2
2019,6,red_bull,110,0,3
2019,6,mclaren,30,0,4
2019,6,racing_point,17,0,5
2019,6,haas,16,0,6
2019,6,toro_rosso,16,0,7
2019,6,renault,14,0,8
2019,6,alfa,13,0,9
2019,6,williams,0,0,10
2019,7,mercedes,295,7,1
2019,7,ferrari,172,0,2
2019,7,red_bull,124,0,3
2019,7,mclaren,30,0,4
2019,7,renault,28,0,5
2019,7,racing_point,19,0,6
2019,7,toro_rosso,17,0,7
2019,7,haas,16,0,8
2019,7,alfa,13,0,9
2019,7,williams,0,0,10
2019,8,mercedes,338,8,1
2019,8,ferrari,198,0,2
2019,8,red_bull,137,0,3
2019,8,mclaren,40,0,4
2019,8,renault,32,0,5
2019,8,racing_point,19,0,6
2019,8,alfa,19,0,7
2019,8,toro_rosso,17,0,8
2019,8,haas,16,0,9
2019,8,williams,0,0,10
2019,9,mercedes,363,8,1
2019,9,ferrari,228,0,2
2019,9,red_bull,169,1,3
2019,9,mclaren,52,0,4
2019,9,renault,32,0,5
2019,9,alfa,22,0,6
2019,9,racing_point,19,0,7
2019,9,toro_rosso,17,0,8
2019,9,haas,16,0,9
2019,9,williams,0,0,10
2019,10,mercedes,407,9,1
2019,10,ferrari,243,0,2
2019,10,red_bull,191,1,3
2019,10,mclaren,60,0,4
2019,10,renault,39,0,5
2019,10,alfa,26,0,6
2019,10,racing_point,19,0,7
2019,10,toro_rosso,19,0,8
2019,10,haas,16,0,9
2019,10,williams,0,0,10
2019,11,mercedes,409,9,1
2019,11,ferrari,261,0,2
2019,11,red_bull,217,2,3
2019,11,mclaren,70,0,4
2019,11,toro_rosso,42,0,5
2019,11,renault,39,0,6
2019,11,racing_point,31,0,7
2019,11,haas,26,0,8
2019,11,alfa,26,0,9
2019,11,williams,1,0,10
2019,12,mercedes,438,10,1
2019,12,ferrari,288,0,2
2019,12,red_bull,244,2,3
2019,12,mclaren,82,0,4
2019,12,toro_rosso,43,0,5
2019,12,renault,39,0,6
2019,12,alfa,32,0,7
2019,12,racing_point,31,0,8
2019,12,haas,26,0,9
2019,12,williams,1,0,10
2019,13,mercedes,471,10,1
2019,13,ferrari,326,1,2
2019,13,red_bull,254,2,3
2019,13,mclaren,82,0,4
2019,13,toro_rosso,51,0,5
2019,13,renault,43,0,6
2019,13,racing_point,40,0,7
2019,13,alfa,32,0,8
2019,13,haas,26,0,9
2019,13,williams,1,0,10
2019,14,mercedes,505,10,1
2019,14,ferrari,351,2,2
2019,14,red_bull,266,2,3
2019,14,mclaren,83,0,4
2019,14,renault,65,0,5
2019,14,toro_rosso,51,0,6
2019,14,racing_point,46,0,7
2019,14,alfa,34,0,8
2019,14,haas,26,0,9
2019,14,williams,1,0,10
2019,15,mercedes,527,10,1
2019,15,ferrari,394,3,2
2019,15,red_bull,289,2,3
2019,15,mclaren,89,0,4
2019,15,renault,67,0,5
2019,15,toro_rosso,55,0,6
2019,15,racing_point,46,0,7
2019,15,alfa,35,0,8
2019,15,haas,26,0,9
2019,15,williams,1,0,10
2019,16,mercedes,571,11,1
2019,16,ferrari,409,3,2
2019,16,red_bull,311,2,3
2019,16,mclaren,101,0,4
2019,16,renault,68,0,5
2019,16,toro_rosso,55,0,6
2019,16,racing_point,52,0,7
2019,16,alfa,35,0,8
2019,16,haas,28,0,9
2019,16,williams,1,0,10
2019,17,mercedes,612,12,1
2019,17,ferrari,435,3,2
2019,17,red_bull,323,2,3
2019,17,mclaren,111,0,4
2019,17,renault,68,0,5
2019,17,toro_rosso,62,0,6
2019,17,racing_point,58,0,7
2019,17,alfa,35,0,8
2019,17,haas,28,0,9
2019,17,williams,1,0,10
2019,18,mercedes,652,13,1
2019,18,ferrari,466,3,2
2019,18,red_bull,341,2,3
2019,18,mclaren,111,0,4
2019,18,renault,73,0,5
2019,18,toro_rosso,64,0,6
2019,18,racing_point,64,0,7
2019,18,alfa,35,0,8
2019,18,haas,28,0,9
2019,18,williams,1,0,10
2019,19,mercedes,695,14,1
2019,19,ferrari,479,3,2
2019,19,red_bull,366,2,3
2019,19,mclaren,121,0,4
2019,19,renault,83,0,5
2019,19,racing_point,65,0,6
2019,19,toro_rosso,64,0,7
2019,19,alfa,35,0,8
2019,19,haas,28,0,9
2019,19,williams,1,0,10
2019,20,mercedes,701,14,1
2019,20,ferrari,479,3,2
2019,20,red_bull,391,3,3
2019,20,mclaren,140,0,4
2019,20,renault,91,0,5
2019,20,toro_rosso,83,0,6
2019,20,racing_point,67,0,7
2019,20,alfa,57,0,8
2019,20,haas,28,0,9
2019,20,williams,1,0,10
2019,21,mercedes,739,15,1
2019,21,ferrari,504,3,2
2019,21,red_bull,417,3,3
2019,21,mclaren,145,0,4
2019,21,renault,91,0,5
2019,21,toro_rosso,85,0,6
2019,21,racing_point,73,0,7
2019,21,alfa,57,0,8
2019,21,haas,28,0,9
2019,21,williams,1,0,10
2020,1,mercedes,37,1,1
2020,1,mclaren,26,0,2
2020,1,ferrari,19,0,3
2020,1,alphatauri,6,0,4
2020,1,renault,4,0,5
2020,1,alfa,2,0,6
2020,1,racing_point,0,0,7
2020,1,williams,0,0,8
2020,1,red_bull,0,0,9
2020,1,haas,0,0,-
2020,2,mercedes,80,2,1
2020,2,mclaren,39,0,2
2020,2,red_bull,27,0,3
2020,2,ferrari,19,0,4
2020,2,renault,8,0,5
2020,2,racing_point,7,0,6
2020,2,alphatauri,7,0,7
2020,2,alfa,2,0,8
2020,2,williams,0,0,9
2020,2,haas,0,0,10
2020,3,mercedes,121,3,1
2020,3,red_bull,55,0,2
2020,3,mclaren,41,0,3
2020,3,ferrari,27,0,4
2020,3,racing_point,25,0,5
2020,3,renault,12,0,6
2020,3,alphatauri,7,0,7
2020,3,alfa,2,0,8
2020,3,haas,1,0,9
2020,3,williams,0,0,10
2020,4,mercedes,146,4,1
2020,4,red_bull,78,0,2
2020,4,mclaren,51,0,3
2020,4,ferrari,43,0,4
2020,4,renault,32,0,5
2020,4,racing_point,27,0,6
2020,4,alphatauri,13,0,7
2020,4,alfa,2,0,8
2020,4,haas,1,0,9
2020,4,williams,0,0,10
2020,5,mercedes,180,4,1
2020,5,red_bull,113,1,2
2020,5,ferrari,55,0,3
2020,5,mclaren,53,0,4
2020,5,racing_point,41,0,5
2020,5,renault,36,0,6
2020,5,alphatauri,14,0,7
2020,5,alfa,2,0,8
2020,5,haas,1,0,9
2020,5,williams,0,0,10
2020,6,mercedes,221,5,1
2020,6,red_bull,135,1,2
2020,6,racing_point,63,0,3
2020,6,mclaren,62,0,4
2020,6,ferrari,61,0,5
2020,6,renault,36,0,6
2020,6,alphatauri,16,0,7
2020,6,alfa,2,0,8
2020,6,haas,1,0,9
2020,6,williams,0,0,10
2020,7,mercedes,264,6,1
2020,7,red_bull,158,1,2
2020,7,mclaren,68,0,3
2020,7,racing_point,66,0,4
2020,7,ferrari,61,0,5
2020,7,renault,59,0,6
2020,7,alphatauri,20,0,7
2020,7,alfa,2,0,8
2020,7,haas,1,0,9
2020,7,williams,0,0,10
2020,8,mercedes,281,6,1
2020,8,red_bull,158,1,2
2020,8,mclaren,98,0,3
2020,8,racing_point,82,0,4
2020,8,renault,71,0,5
2020,8,ferrari,61,0,6
2020,8,alphatauri,47,1,7
2020,8,alfa,2,0,8
2020,8,haas,1,0,9
2020,8,williams,0,0,10
2020,9,mercedes,325,7,1
2020,9,red_bull,173,1,2
2020,9,mclaren,106,0,3
2020,9,racing_point,92,0,4
2020,9,renault,83,0,5
2020,9,ferrari,66,0,6
2020,9,alphatauri,53,1,7
2020,9,alfa,4,0,8
2020,9,haas,1,0,9
2020,9,williams,0,0,10
2020,10,mercedes,366,8,1
2020,10,red_bull,192,1,2
2020,10,mclaren,106,0,3
2020,10,racing_point,104,0,4
2020,10,renault,99,0,5
2020,10,ferrari,74,0,6
2020,10,alphatauri,59,1,7
2020,10,alfa,4,0,8
2020,10,haas,1,0,9
2020,10,williams,0,0,10
2020,11,mercedes,391,9,1
2020,11,red_bull,211,1,2
2020,11,racing_point,120,0,3
2020,11,mclaren,116,0,4
2020,11,renault,114,0,5
2020,11,ferrari,80,0,6
2020,11,alphatauri,67,1,7
2020,11,alfa,5,0,8
2020,11,haas,3,0,9
2020,11,williams,0,0,10
2020,12,mercedes,435,10,1
2020,12,red_bull,226,1,2
2020,12,racing_point,126,0,3
2020,12,mclaren,124,0,4
2020,12,renault,120,0,5
2020,12,ferrari,93,0,6
2020,12,alphatauri,77,1,7
2020,12,alfa,5,0,8
2020,12,haas,3,0,9
2020,12,williams,0,0,10
2020,13,mercedes,479,11,1
2020,13,red_bull,226,1,2
2020,13,renault,135,0,3
2020,13,mclaren,134,0,4
2020,13,racing_point,134,0,5
2020,13,ferrari,103,0,6
2020,13,alphatauri,89,1,7
2020,13,alfa,8,0,8
2020,13,haas,3,0,9
2020,13,williams,0,0,10
2020,14,mercedes,504,12,1
2020,14,red_bull,240,1,2
2020,14,racing_point,154,0,3
2020,14,mclaren,149,0,4
2020,14,renault,136,0,5
2020,14,ferrari,130,0,6
2020,14,alphatauri,89,1,7
2020,14,alfa,8,0,8
2020,14,haas,3,0,9
2020,14,williams,0,0,10
2020,15,mercedes,533,13,1
2020,15,red_bull,274,1,2
2020,15,mclaren,171,0,3
2020,15,racing_point,154,0,4
2020,15,renault,144,0,5
2020,15,ferrari,131,0,6
2020,15,alphatauri,97,1,7
2020,15,alfa,8,0,8
2020,15,haas,3,0,9
2020,15,williams,0,0,10
2020,16,mercedes,540,13,1
2020,16,red_bull,282,1,2
2020,16,racing_point,194,1,3
2020,16,mclaren,184,0,4
2020,16,renault,172,0,5
2020,16,ferrari,131,0,6
2020,16,alphatauri,103,1,7
2020,16,alfa,8,0,8
2020,16,haas,3,0,9
2020,16,williams,0,0,10
2020,17,mercedes,573,13,1
2020,17,red_bull,319,2,2
2020,17,mclaren,202,0,3
2020,17,racing_point,195,1,4
2020,17,renault,181,0,5
2020,17,ferrari,131,0,6
2020,17,alphatauri,107,1,7
2020,17,alfa,8,0,8
2020,17,haas,3,0,9
2020,17,williams,0,0,10
2021,1,mercedes,41,1,1
2021,1,red_bull,28,0,2
2021,1,mclaren,18,0,3
2021,1,ferrari,12,0,4
2021,1,alphatauri,2,0,5
2021,1,aston_martin,1,0,6
2021,1,alfa,0,0,7
2021,1,alpine,0,0,8
2021,1,williams,0,0,9
2021,1,haas,0,0,10
2021,2,mercedes,60,1,1
2021,2,red_bull,53,1,2
2021,2,mclaren,41,0,3
2021,2,ferrari,34,0,4
2021,2,alphatauri,8,0,5
2021,2,aston_martin,5,0,6
2021,2,alpine,3,0,7
2021,2,alfa,0,0,8
2021,2,williams,0,0,9
2021,2,haas,0,0,10
2021,3,mercedes,101,2,1
2021,3,red_bull,83,1,2
2021,3,mclaren,53,0,3
2021,3,ferrari,42,0,4
2021,3,alpine,13,0,5
2021,3,alphatauri,9,0,6
2021,3,aston_martin,5,0,7
2021,3,alfa,0,0,8
2021,3,williams,0,0,9
2021,3,haas,0,0,10
2021,4,mercedes,141,3,1
2021,4,red_bull,112,1,2
2021,4,mclaren,65,0,3
2021,4,ferrari,60,0,4
2021,4,alpine,15,0,5
2021,4,alphatauri,10,0,6
2021,4,aston_martin,5,0,7
2021,4,alfa,0,0,8
2021,4,williams,0,0,9
2021,4,haas,0,0,10
2021,5,red_bull,149,2,1
2021,5,mercedes,148,3,2
2021,5,mclaren,80,0,3
2021,5,ferrari,78,0,4
2021,5,aston_martin,19,0,5
2021,5,alphatauri,18,0,6
2021,5,alpine,17,0,7
2021,5,alfa,1,0,8
2021,5,williams,0,0,9
2021,5,haas,0,0,10
2021,6,red_bull,174,3,1
2021,6,mercedes,148,3,2
2021,6,ferrari,94,0,3
2021,6,mclaren,92,0,4
2021,6,alphatauri,39,0,5
2021,6,aston_martin,37,0,6
2021,6,alpine,25,0,7
2021,6,alfa,2,0,8
2021,6,haas,0,0,9
2021,6,williams,0,0,10
2021,7,red_bull,215,4,1
2021,7,mercedes,178,3,2
2021,7,mclaren,110,0,3
2021,7,ferrari,94,0,4
2021,7,alphatauri,45,0,5
2021,7,aston_martin,40,0,6
2021,7,alpine,29,0,7
2021,7,alfa,2,0,8
2021,7,williams,0,0,9
2021,7,haas,0,0,10
2021,8,red_bull,252,5,1
2021,8,mercedes,212,3,2
2021,8,mclaren,120,0,3
2021,8,ferrari,108,0,4
2021,8,alphatauri,46,0,5
2021,8,aston_martin,44,0,6
2021,8,alpine,31,0,7
2021,8,alfa,2,0,8
2021,8,williams,0,0,9
2021,8,haas,0,0,10
2021,9,red_bull,286,6,1
2021,9,mercedes,242,3,2
2021,9,mclaren,141,0,3
2021,9,ferrari,122,0,4
2021,9,alphatauri,48,0,5
2021,9,aston_martin,44,0,6
2021,9,alpine,32,0,7
2021,9,alfa,2,0,8
2021,9,williams,0,0,9
2021,9,haas,0,0,10
2021,10,red_bull,289,6,1
2021,10,mercedes,285,4,2
2021,10,mclaren,163,0,3
2021,10,ferrari,148,0,4
2021,10,alphatauri,49,0,5
2021,10,aston_martin,48,0,6
2021,10,alpine,40,0,7
2021,10,alfa,2,0,8
2021,10,williams,0,0,9
2021,10,haas,0,0,10
2021,11,mercedes,303,4,1
2021,11,red_bull,291,6,2
2021,11,ferrari,163,0,3
2021,11,mclaren,163,0,4
2021,11,alpine,77,1,5
2021,11,alphatauri,68,0,6
2021,11,aston_martin,48,0,7
2021,11,williams,10,0,8
2021,11,alfa,3,0,9
2021,11,haas,0,0,10
2021,12,mercedes,310.5,4,1
2021,12,red_bull,303.5,7,2
2021,12,mclaren,169,0,3
2021,12,ferrari,165.5,0,4
2021,12,alpine,80,1,5
2021,12,alphatauri,72,0,6
2021,12,aston_martin,53,0,7
2021,12,williams,20,0,8
2021,12,alfa,3,0,9
2021,12,haas,0,0,10
2021,13,mercedes,344.5,4,1
2021,13,red_bull,332.5,8,2
2021,13,ferrari,181.5,0,3
2021,13,mclaren,170,0,4
2021,13,alpine,90,1,5
2021,13,alphatauri,84,0,6
2021,13,aston_martin,53,0,7
2021,13,williams,20,0,8
2021,13,alfa,3,0,9
2021,13,haas,0,0,10
2021,14,mercedes,362.5,4,1
2021,14,red_bull,344.5,8,2
2021,14,mclaren,215,1,3
2021,14,ferrari,201.5,0,4
2021,14,alpine,95,1,5
2021,14,alphatauri,84,0,6
2021,14,aston_martin,59,0,7
2021,14,williams,22,0,8
2021,14,alfa,3,0,9
2021,14,haas,0,0,10
2021,15,mercedes,397.5,5,1
2021,15,red_bull,364.5,8,2
2021,15,mclaren,234,1,3
2021,15,ferrari,216.5,0,4
2021,15,alpine,103,1,5
2021,15,alphatauri,84,0,6
2021,15,aston_martin,59,0,7
2021,15,williams,23,0,8
2021,15,alfa,7,0,9
2021,15,haas,0,0,10
2021,16,mercedes,433.5,6,1
2021,16,red_bull,397.5,8,2
2021,16,mclaren,240,1,3
2021,16,ferrari,232.5,0,4
2021,16,alpine,104,1,5
2021,16,alphatauri,92,0,6
2021,16,aston_martin,61,0,7
2021,16,williams,23,0,8
2021,16,alfa,7,0,9
2021,16,haas,0,0,10
2021,17,mercedes,460.5,6,1
2021,17,red_bull,437.5,9,2
2021,17,mclaren,254,1,3
2021,17,ferrari,250.5,0,4
2021,17,alpine,104,1,5
2021,17,alphatauri,94,0,6
2021,17,aston_martin,62,0,7
2021,17,williams,23,0,8
2021,17,alfa,7,0,9
2021,17,haas,0,0,10
2021,18,mercedes,478.5,6,1
2021,18,red_bull,477.5,10,2
2021,18,ferrari,268.5,0,3
2021,18,mclaren,255,1,4
2021,18,alpine,106,1,5
2021,18,alphatauri,106,0,6
2021,18,aston_martin,68,0,7
2021,18,williams,23,0,8
2021,18,alfa,11,0,9
2021,18,haas,0,0,10
2021,19,mercedes,521.5,7,1
2021,19,red_bull,510.5,10,2
2021,19,ferrari,287.5,0,3
2021,19,mclaren,256,1,4
2021,19,alpine,112,1,5
2021,19,alphatauri,112,0,6
2021,19,aston_martin,68,0,7
2021,19,williams,23,0,8
2021,19,alfa,11,0,9
2021,19,haas,0,0,10
2021,20,mercedes,546.5,8,1
2021,20,red_bull,541.5,10,2
2021,20,ferrari,297.5,0,3
2021,20,mclaren,258,1,4
2021,20,alpine,137,1,5
2021,20,alphatauri,112,0,6
2021,20,aston_martin,77,0,7
2021,20,williams,23,0,8
2021,20,alfa,11,0,9
2021,20,haas,0,0,10
2021,21,mercedes,587.5,9,1
2021,21,red_bull,559.5,10,2
2021,21,ferrari,307.5,0,3
2021,21,mclaren,269,1,4
2021,21,alpine,149,1,5
2021,21,alphatauri,120,0,6
2021,21,aston_martin,77,0,7
2021,21,williams,23,0,8
2021,21,alfa,13,0,9
2021,21,haas,0,0,10
2021,22,mercedes,613.5,9,1
2021,22,red_bull,585.5,11,2
2021,22,ferrari,323.5,0,3
2021,22,mclaren,275,1,4
2021,22,alpine,155,1,5
2021,22,alphatauri,142,0,6
2021,22,aston_martin,77,0,7
2021,22,williams,23,0,8
2021,22,alfa,13,0,9
2021,22,haas,0,0,10
2022,1,ferrari,44,1,1
2022,1,mercedes,27,0,2
2022,1,haas,10,0,3
2022,1,alfa,9,0,4
2022,1,alpine,8,0,5
2022,1,alphatauri,4,0,6
2022,1,aston_martin,0,0,7
2022,1,williams,0,0,8
2022,1,mclaren,0,0,9
2022,1,red_bull,0,0,10
2022,2,ferrari,78,1,1
2022,2,mercedes,38,0,2
2022,2,red_bull,37,1,3
2022,2,alpine,16,0,4
2022,2,haas,12,0,5
2022,2,alfa,9,0,6
2022,2,alphatauri,8,0,7
2022,2,mclaren,6,0,8
2022,2,aston_martin,0,0,9
2022,2,williams,0,0,10
2022,3,ferrari,104,2,1
2022,3,mercedes,65,0,2
2022,3,red_bull,55,1,3
2022,3,mclaren,24,0,4
2022,3,alpine,22,0,5
2022,3,alfa,13,0,6
2022,3,haas,12,0,7
2022,3,alphatauri,10,0,8
2022,3,williams,1,0,9
2022,3,aston_martin,0,0,10
2022,4,ferrari,124,2,1
2022,4,red_bull,113,2,2
2022,4,mercedes,77,0,3
2022,4,mclaren,46,0,4
2022,4,alfa,25,0,5
2022,4,alpine,22,0,6
2022,4,alphatauri,16,0,7
2022,4,haas,15,0,8
2022,4,aston_martin,5,0,9
2022,4,williams,1,0,10
2022,5,ferrari,157,2,1
2022,5,red_bull,151,3,2
2022,5,mercedes,95,0,3
2022,5,mclaren,46,0,4
2022,5,alfa,31,0,5
2022,5,alpine,26,0,6
2022,5,alphatauri,16,0,7
2022,5,haas,15,0,8
2022,5,aston_martin,6,0,9
2022,5,williams,3,0,10
2022,6,red_bull,195,4,1
2022,6,ferrari,169,2,2
2022,6,mercedes,120,0,3
2022,6,mclaren,50,0,4
2022,6,alfa,39,0,5
2022,6,alpine,34,0,6
2022,6,alphatauri,17,0,7
2022,6,haas,15,0,8
2022,6,aston_martin,6,0,9
2022,6,williams,3,0,10
2022,7,red_bull,235,5,1
2022,7,ferrari,199,2,2
2022,7,mercedes,134,0,3
2022,7,mclaren,59,0,4
2022,7,alfa,41,0,5
2022,7,alpine,40,0,6
2022,7,alphatauri,17,0,7
2022,7,haas,15,0,8
2022,7,aston_martin,7,0,9
2022,7,williams,3,0,10
2022,8,red_bull,279,6,1
2022,8,ferrari,199,2,2
2022,8,mercedes,161,0,3
2022,8,mclaren,65,0,4
2022,8,alpine,47,0,5
2022,8,alfa,41,0,6
2022,8,alphatauri,27,0,7
2022,8,haas,15,0,8
2022,8,aston_martin,15,0,9
2022,8,williams,3,0,10
2022,9,red_bull,304,7,1
2022,9,ferrari,228,2,2
2022,9,mercedes,188,0,3
2022,9,mclaren,65,0,4
2022,9,alpine,57,0,5
2022,9,alfa,51,0,6
2022,9,alphatauri,27,0,7
2022,9,aston_martin,16,0,8
2022,9,haas,15,0,9
2022,9,williams,3,0,10
2022,10,red_bull,328,7,1
2022,10,ferrari,265,3,2
2022,10,mercedes,204,0,3
2022,10,mclaren,73,0,4
2022,10,alpine,67,0,5
2022,10,alfa,51,0,6
2022,10,alphatauri,27,0,7
2022,10,haas,20,0,8
2022,10,aston_martin,18,0,9
2022,10,williams,3,0,10
2022,11,red_bull,359,7,1
2022,11,ferrari,303,4,2
2022,11,mercedes,237,0,3
2022,11,mclaren,81,0,4
2022,11,alpine,81,0,5
2022,11,alfa,51,0,6
2022,11,haas,34,0,7
2022,11,alphatauri,27,0,8
2022,11,aston_martin,18,0,9
2022,11,williams,3,0,10
2022,12,red_bull,396,8,1
2022,12,ferrari,314,4,2
2022,12,mercedes,270,0,3
2022,12,alpine,93,0,4
2022,12,mclaren,89,0,5
2022,12,alfa,51,0,6
2022,12,haas,34,0,7
2022,12,alphatauri,27,0,8
2022,12,aston_martin,19,0,9
2022,12,williams,3,0,10
2022,13,red_bull,431,9,1
2022,13,ferrari,334,4,2
2022,13,mercedes,304,0,3
2022,13,alpine,99,0,4
2022,13,mclaren,95,0,5
2022,13,alfa,51,0,6
2022,13,haas,34,0,7
2022,13,alphatauri,27,0,8
2022,13,aston_martin,20,0,9
2022,13,williams,3,0,10
2022,14,red_bull,475,10,1
2022,14,ferrari,357,4,2
2022,14,mercedes,316,0,3
2022,14,alpine,115,0,4
2022,14,mclaren,95,0,5
2022,14,alfa,51,0,6
2022,14,haas,34,0,7
2022,14,alphatauri,29,0,8
2022,14,aston_martin,24,0,9
2022,14,williams,4,0,10
2022,15,red_bull,511,11,1
2022,15,ferrari,376,4,2
2022,15,mercedes,346,0,3
2022,15,alpine,125,0,4
2022,15,mclaren,101,0,5
2022,15,alfa,51,0,6
2022,15,haas,34,0,7
2022,15,alphatauri,29,0,8
2022,15,aston_martin,25,0,9
2022,15,williams,4,0,10
2022,16,red_bull,545,12,1
2022,16,ferrari,406,4,2
2022,16,mercedes,371,0,3
2022,16,alpine,125,0,4
2022,16,mclaren,107,0,5
2022,16,alfa,52,0,6
2022,16,haas,34,0,7
2022,16,alphatauri,33,0,8
2022,16,aston_martin,25,0,9
2022,16,williams,6,0,10
2022,17,red_bull,576,13,1
2022,17,ferrari,439,4,2
2022,17,mercedes,373,0,3
2022,17,mclaren,129,0,4
2022,17,alpine,125,0,5
2022,17,alfa,52,0,6
2022,17,aston_martin,37,0,7
2022,17,haas,34,0,8
2022,17,alphatauri,34,0,9
2022,17,williams,6,0,10
2022,18,red_bull,619,14,1
2022,18,ferrari,454,4,2
2022,18,mercedes,387,0,3
2022,18,alpine,143,0,4
2022,18,mclaren,130,0,5
2022,18,alfa,52,0,6
2022,18,aston_martin,45,0,7
2022,18,haas,34,0,8
2022,18,alphatauri,34,0,9
2022,18,williams,8,0,10
2022,19,red_bull,656,15,1
2022,19,ferrari,469,4,2
2022,19,mercedes,416,0,3
2022,19,alpine,149,0,4
2022,19,mclaren,138,0,5
2022,19,alfa,52,0,6
2022,19,aston_martin,49,0,7
2022,19,haas,36,0,8
2022,19,alphatauri,35,0,9
2022,19,williams,8,0,10
2022,20,red_bull,696,16,1
2022,20,ferrari,487,4,2
2022,20,mercedes,447,0,3
2022,20,alpine,153,0,4
2022,20,mclaren,146,0,5
2022,20,alfa,53,0,6
2022,20,aston_martin,49,0,7
2022,20,haas,36,0,8
2022,20,alphatauri,35,0,9
2022,20,williams,8,0,10
2022,21,red_bull,719,16,1
2022,21,ferrari,524,4,2
2022,21,mercedes,505,1,3
2022,21,alpine,167,0,4
2022,21,mclaren,148,0,5
2022,21,alfa,55,0,6
2022,21,aston_martin,50,0,7
2022,21,haas,37,0,8
2022,21,alphatauri,35,0,9
2022,21,williams,8,0,10
2022,22,red_bull,759,17,1
2022,22,ferrari,554,4,2
2022,22,mercedes,515,1,3
2022,22,alpine,173,0,4
2022,22,mclaren,159,0,5
2022,22,alfa,55,0,6
2022,22,aston_martin,55,0,7
2022,22,haas,37,0,8
2022,22,alphatauri,35,0,9
2022,22,williams,8,0,10
2023,1,red_bull,43,1,1
2023,1,aston_martin,23,0,2
2023,1,mercedes,16,0,3
2023,1,ferrari,12,0,4
2023,1,alfa,4,0,5
2023,1,alpine,2,0,6
2023,1,williams,1,0,7
2023,1,alphatauri,0,0,8
2023,1,haas,0,0,9
2023,1,mclaren,0,0,10
2023,2,red_bull,87,2,1
2023,2,aston_martin,38,0,2
2023,2,mercedes,38,0,3
2023,2,ferrari,26,0,4
2023,2,alpine,8,0,5
2023,2,alfa,4,0,6
2023,2,haas,1,0,7
2023,2,williams,1,0,8
2023,2,alphatauri,0,0,9
2023,2,mclaren,0,0,10
2023,3,red_bull,123,3,1
2023,3,aston_martin,65,0,2
2023,3,mercedes,56,0,3
2023,3,ferrari,26,0,4
2023,3,mclaren,12,0,5
2023,3,alpine,8,0,6
2023,3,haas,7,0,7
2023,3,alfa,6,0,8
2023,3,alphatauri,1,0,9
2023,3,williams,1,0,10
2023,4,red_bull,180,4,1
2023,4,aston_martin,87,0,2
2023,4,mercedes,76,0,3
2023,4,ferrari,62,0,4
2023,4,mclaren,14,0,5
2023,4,alpine,8,0,6
2023,4,haas,7,0,7
2023,4,alfa,6,0,8
2023,4,alphatauri,2,0,9
2023,4,williams,1,0,10
2023,5,red_bull,224,5,1
2023,5,aston_martin,102,0,2
2023,5,mercedes,96,0,3
2023,5,ferrari,78,0,4
2023,5,mclaren,14,0,5
2023,5,alpine,14,0,6
2023,5,haas,8,0,7
2023,5,alfa,6,0,8
2023,5,alphatauri,2,0,9
2023,5,williams,1,0,10
2023,6,red_bull,249,6,1
2023,6,aston_martin,120,0,2
2023,6,mercedes,119,0,3
2023,6,ferrari,90,0,4
2023,6,alpine,35,0,5
2023,6,mclaren,17,0,6
2023,6,haas,8,0,7
2023,6,alfa,6,0,8
2023,6,alphatauri,2,0,9
2023,6,williams,1,0,10
2023,7,red_bull,287,7,1
2023,7,mercedes,152,0,2
2023,7,aston_martin,134,0,3
2023,7,ferrari,100,0,4
2023,7,alpine,40,0,5
2023,7,mclaren,17,0,6
2023,7,haas,8,0,7
2023,7,alfa,8,0,8
2023,7,alphatauri,2,0,9
2023,7,williams,1,0,10
2023,8,red_bull,321,8,1
2023,8,mercedes,167,0,2
2023,8,aston_martin,154,0,3
2023,8,ferrari,122,0,4
2023,8,alpine,44,0,5
2023,8,mclaren,17,0,6
2023,8,alfa,9,0,7
2023,8,haas,8,0,8
2023,8,williams,7,0,9
2023,8,alphatauri,2,0,10
2023,9,red_bull,377,9,1
2023,9,mercedes,178,0,2
2023,9,aston_martin,175,0,3
2023,9,ferrari,154,0,4
2023,9,alpine,47,0,5
2023,9,mclaren,29,0,6
2023,9,haas,11,0,7
2023,9,alfa,9,0,8
2023,9,williams,7,0,9
2023,9,alphatauri,2,0,10
2023,10,red_bull,411,10,1
2023,10,mercedes,203,0,2
2023,10,aston_martin,181,0,3
2023,10,ferrari,157,0,4
2023,10,mclaren,59,0,5
2023,10,alpine,47,0,6
2023,10,williams,11,0,7
2023,10,haas,11,0,8
2023,10,alfa,9,0,9
2023,10,alphatauri,2,0,10
2023,11,red_bull,452,11,1
2023,11,mercedes,223,0,2
2023,11,aston_martin,184,0,3
2023,11,ferrari,167,0,4
2023,11,mclaren,87,0,5
2023,11,alpine,47,0,6
2023,11,williams,11,0,7
2023,11,haas,11,0,8
2023,11,alfa,9,0,9
2023,11,alphatauri,2,0,10
2023,12,red_bull,503,12,1
2023,12,mercedes,247,0,2
2023,12,aston_martin,196,0,3
2023,12,ferrari,191,0,4
2023,12,mclaren,103,0,5
2023,12,alpine,57,0,6
2023,12,williams,11,0,7
2023,12,haas,11,0,8
2023,12,alfa,9,0,9
2023,12,alphatauri,3,0,10
2023,13,red_bull,540,13,1
2023,13,mercedes,255,0,2
2023,13,aston_martin,215,0,3
2023,13,ferrari,201,0,4
2023,13,mclaren,111,0,5
2023,13,alpine,73,0,6
2023,13,williams,15,0,7
2023,13,haas,11,0,8
2023,13,alfa,9,0,9
2023,13,alphatauri,3,0,10
2023,14,red_bull,583,14,1
2023,14,mercedes,273,0,2
2023,14,ferrari,228,0,3
2023,14,aston_martin,217,0,4
2023,14,mclaren,115,0,5
2023,14,alpine,73,0,6
2023,14,williams,21,0,7
2023,14,haas,11,0,8
2023,14,alfa,10,0,9
2023,14,alphatauri,3,0,10
2023,15,red_bull,597,14,1
2023,15,mercedes,289,0,2
2023,15,ferrari,265,1,3
2023,15,aston_martin,217,0,4
2023,15,mclaren,139,0,5
2023,15,alpine,81,0,6
2023,15,williams,21,0,7
2023,15,haas,12,0,8
2023,15,alfa,10,0,9
2023,15,alphatauri,5,0,10
2023,16,red_bull,623,15,1
2023,16,mercedes,305,0,2
2023,16,ferrari,285,1,3
2023,16,aston_martin,221,0,4
2023,16,mclaren,172,0,5
2023,16,alpine,84,0,6
2023,16,williams,21,0,7
2023,16,haas,12,0,8
2023,16,alfa,10,0,9
2023,16,alphatauri,5,0,10
2023,17,red_bull,657,16,1
2023,17,mercedes,326,0,2
2023,17,ferrari,298,1,3
2023,17,aston_martin,230,0,4
2023,17,mclaren,219,0,5
2023,17,alpine,90,0,6
2023,17,williams,23,0,7
2023,17,alfa,16,0,8
2023,17,haas,12,0,9
2023,17,alphatauri,5,0,10
2023,18,red_bull,706,17,1
2023,18,mercedes,344,0,2
2023,18,ferrari,322,1,3
2023,18,mclaren,242,0,4
2023,18,aston_martin,236,0,5
2023,18,alpine,100,0,6
2023,18,williams,26,0,7
2023,18,alfa,16,0,8
2023,18,haas,12,0,9
2023,18,alphatauri,10,0,10
2023,19,red_bull,731,18,1
2023,19,mercedes,371,0,2
2023,19,ferrari,349,1,3
2023,19,mclaren,256,0,4
2023,19,aston_martin,236,0,5
2023,19,alpine,101,0,6
2023,19,williams,28,0,7
2023,19,alphatauri,16,0,8
2023,19,alfa,16,0,9
2023,19,haas,12,0,10
2023,20,red_bull,782,19,1
2023,20,mercedes,382,0,2
2023,20,ferrari,362,1,3
2023,20,mclaren,282,0,4
2023,20,aston_martin,261,0,5
2023,20,alpine,108,0,6
2023,20,williams,28,0,7
2023,20,alphatauri,21,0,8
2023,20,alfa,16,0,9
2023,20,haas,12,0,10
2023,21,red_bull,822,20,1
2023,21,mercedes,392,0,2
2023,21,ferrari,388,1,3
2023,21,mclaren,284,0,4
2023,21,aston_martin,273,0,5
2023,21,alpine,120,0,6
2023,21,williams,28,0,7
2023,21,alphatauri,21,0,8
2023,21,alfa,16,0,9
2023,21,haas,12,0,10
2023,22,red_bull,860,21,1
2023,22,mercedes,409,0,2
2023,22,ferrari,406,1,3
2023,22,mclaren,302,0,4
2023,22,aston_martin,280,0,5
2023,22,alpine,120,0,6
2023,22,williams,28,0,7
2023,22,alphatauri,25,0,8
2023,22,alfa,16,0,9
2023,22,haas,12,0,10
2024,1,red_bull,44,1,1
2024,1,ferrari,27,0,2
2024,1,mercedes,16,0,3
2024,1,mclaren,12,0,4
2024,1,aston_martin,3,0,5
2024,1,sauber,0,0,6
2024,1,haas,0,0,7
2024,1,rb,0,0,8
2024,1,williams,0,0,9
2024,1,alpine,0,0,10
2024,2,red_bull,87,2,1
2024,2,ferrari,49,0,2
2024,2,mclaren,28,0,3
2024,2,mercedes,26,0,4
2024,2,aston_martin,13,0,5
2024,2,haas,1,0,6
2024,2,williams,0,0,7
2024,2,sauber,0,0,8
2024,2,rb,0,0,9
2024,2,alpine,0,0,10
2024,3,red_bull,97,2,1
2024,3,ferrari,93,1,2
2024,3,mclaren,55,0,3
2024,3,mercedes,26,0,4
2024,3,aston_martin,25,0,5
2024,3,rb,6,0,6
2024,3,haas,4,0,7
2024,3,williams,0,0,8
2024,3,sauber,0,0,9
2024,3,alpine,0,0,10
2024,4,red_bull,141,3,1
2024,4,ferrari,120,1,2
2024,4,mclaren,69,0,3
2024,4,mercedes,34,0,4
2024,4,aston_martin,33,0,5
2024,4,rb,7,0,6
2024,4,haas,4,0,7
2024,4,williams,0,0,8
2024,4,sauber,0,0,9
2024,4,alpine,0,0,10
2024,5,red_bull,195,4,1
2024,5,ferrari,151,1,2
2024,5,mclaren,96,0,3
2024,5,mercedes,52,0,4
2024,5,aston_martin,40,0,5
2024,5,rb,7,0,6
2024,5,haas,5,0,7
2024,5,williams,0,0,8
2024,5,alpine,0,0,9
2024,5,sauber,0,0,10
2024,6,red_bull,239,4,1
2024,6,ferrari,187,1,2
2024,6,mclaren,124,1,3
2024,6,mercedes,64,0,4
2024,6,aston_martin,42,0,5
2024,6,rb,19,0,6
2024,6,haas,7,0,7
2024,6,alpine,1,0,8
2024,6,williams,0,0,9
2024,6,sauber,0,0,10
2024,7,red_bull,268,5,1
2024,7,ferrari,212,1,2
2024,7,mclaren,154,1,3
2024,7,mercedes,79,0,4
2024,7,aston_martin,44,0,5
2024,7,rb,20,0,6
2024,7,haas,7,0,7
2024,7,alpine,1,0,8
2024,7,williams,0,0,9
2024,7,sauber,0,0,10
2024,8,red_bull,276,5,1
2024,8,ferrari,252,2,2
2024,8,mclaren,184,1,3
2024,8,mercedes,96,0,4
2024,8,aston_martin,44,0,5
2024,8,rb,24,0,6
2024,8,haas,7,0,7
2024,8,williams,2,0,8
2024,8,alpine,2,0,9
2024,8,sauber,0,0,10
2024,9,red_bull,301,6,1
2024,9,ferrari,252,2,2
2024,9,mclaren,212,1,3
2024,9,mercedes,124,0,4
2024,9,aston_martin,58,0,5
2024,9,rb,28,0,6
2024,9,haas,7,0,7
2024,9,alpine,5,0,8
2024,9,williams,2,0,9
2024,9,sauber,0,0,10
2024,10,red_bull,330,7,1
2024,10,ferrari,270,2,2
2024,10,mclaren,237,1,3
2024,10,mercedes,151,0,4
2024,10,aston_martin,58,0,5
2024,10,rb,28,0,6
2024,10,alpine,8,0,7
2024,10,haas,7,0,8
2024,10,williams,2,0,9
2024,10,sauber,0,0,10
2024,11,red_bull,355,7,1
2024,11,ferrari,291,2,2
2024,11,mclaren,268,1,3
2024,11,mercedes,196,1,4
2024,11,aston_martin,58,0,5
2024,11,rb,30,0,6
2024,11,haas,19,0,7
2024,11,alpine,9,0,8
2024,11,williams,2,0,9
2024,11,sauber,0,0,10
2024,12,red_bull,373,7,1
2024,12,ferrari,302,2,2
2024,12,mclaren,295,1,3
2024,12,mercedes,221,2,4
2024,12,aston_martin,68,0,5
2024,12,rb,31,0,6
2024,12,haas,27,0,7
2024,12,alpine,9,0,8
2024,12,williams,4,0,9
2024,12,sauber,0,0,10
2024,13,red_bull,389,7,1
2024,13,mclaren,338,2,2
2024,13,ferrari,322,2,3
2024,13,mercedes,241,2,4
2024,13,aston_martin,69,0,5
2024,13,rb,33,0,6
2024,13,haas,27,0,7
2024,13,alpine,9,0,8
2024,13,williams,4,0,9
2024,13,sauber,0,0,10
2024,14,red_bull,408,7,1
2024,14,mclaren,366,2,2
2024,14,ferrari,345,2,3
2024,14,mercedes,266,3,4
2024,14,aston_martin,73,0,5
2024,14,rb,34,0,6
2024,14,haas,27,0,7
2024,14,alpine,11,0,8
2024,14,williams,4,0,9
2024,14,sauber,0,0,10
2024,15,red_bull,434,7,1
2024,15,mclaren,404,3,2
2024,15,ferrari,370,2,3
2024,15,mercedes,276,3,4
2024,15,aston_martin,74,0,5
2024,15,rb,34,0,6
2024,15,haas,27,0,7
2024,15,alpine,13,0,8
2024,15,williams,4,0,9
2024,15,sauber,0,0,10
2024,16,red_bull,446,7,1
2024,16,mclaren,438,3,2
2024,16,ferrari,407,3,3
2024,16,mercedes,292,3,4
2024,16,aston_martin,74,0,5
2024,16,rb,34,0,6
2024,16,haas,28,0,7
2024,16,alpine,13,0,8
2024,16,williams,6,0,9
2024,16,sauber,0,0,10
2024,17,mclaren,476,4,1
2024,17,red_bull,456,7,2
2024,17,ferrari,425,3,3
2024,17,mercedes,309,3,4
2024,17,aston_martin,82,0,5
2024,17,rb,34,0,6
2024,17,haas,29,0,7
2024,17,williams,16,0,8
2024,17,alpine,13,0,9
2024,17,sauber,0,0,10
2024,18,mclaren,516,5,1
2024,18,red_bull,475,7,2
2024,18,ferrari,441,3,3
2024,18,mercedes,329,3,4
2024,18,aston_martin,86,0,5
2024,18,rb,34,0,6
2024,18,haas,31,0,7
2024,18,williams,16,0,8
2024,18,alpine,13,0,9
2024,18,sauber,0,0,10
2024,19,mclaren,544,5,1
2024,19,red_bull,504,7,2
2024,19,ferrari,496,4,3
2024,19,mercedes,344,3,4
2024,19,aston_martin,86,0,5
2024,19,haas,38,0,6
2024,19,rb,36,0,7
2024,19,williams,17,0,8
2024,19,alpine,13,0,9
2024,19,sauber,0,0,10
2024,20,mclaren,566,5,1
2024,20,ferrari,537,5,2
2024,20,red_bull,512,7,3
2024,20,mercedes,366,3,4
2024,20,aston_martin,86,0,5
2024,20,haas,46,0,6
2024,20,rb,36,0,7
2024,20,williams,17,0,8
2024,20,alpine,14,0,9
2024,20,sauber,0,0,10
2024,21,mclaren,593,5,1
2024,21,ferrari,557,5,2
2024,21,red_bull,544,8,3
2024,21,mercedes,382,3,4
2024,21,aston_martin,86,0,5
2024,21,alpine,49,0,6
2024,21,haas,46,0,7
2024,21,rb,44,0,8
2024,21,williams,17,0,9
2024,21,sauber,0,0,10
2024,22,mclaren,608,5,1
2024,22,ferrari,584,5,2
2024,22,red_bull,555,8,3
2024,22,mercedes,425,4,4
2024,22,aston_martin,86,0,5
2024,22,haas,50,0,6
2024,22,alpine,49,0,7
2024,22,rb,46,0,8
2024,22,williams,17,0,9
2024,22,sauber,0,0,10
2024,23,mclaren,640,5,1
2024,23,ferrari,619,5,2
2024,23,red_bull,581,9,3
2024,23,mercedes,446,4,4
2024,23,aston_martin,92,0,5
2024,23,alpine,59,0,6
2024,23,haas,54,0,7
2024,23,rb,46,0,8
2024,23,williams,17,0,9
2024,23,sauber,4,0,10
2024,24,mclaren,666,6,1
2024,24,ferrari,652,5,2
2024,24,red_bull,589,9,3
2024,24,mercedes,468,4,4
2024,24,aston_martin,94,0,5
2024,24,alpine,65,0,6
2024,24,haas,58,0,7
2024,24,rb,46,0,8
2024,24,williams,17,0,9
2024,24,sauber,4,0,10
2025,1,mclaren,27,1,1
2025,1,mercedes,27,0,2
2025,1,red_bull,18,0,3
2025,1,williams,10,0,4
2025,1,aston_martin,8,0,5
2025,1,sauber,6,0,6
2025,1,ferrari,5,0,7
2025,1,alpine,0,0,8
2025,1,rb,0,0,9
2025,1,haas,0,0,10
2025,2,mclaren,78,2,1
2025,2,mercedes,57,0,2
2025,2,red_bull,36,0,3
2025,2,williams,17,0,4
2025,2,ferrari,17,0,5
2025,2,haas,14,0,6
2025,2,aston_martin,10,0,7
2025,2,sauber,6,0,8
2025,2,rb,3,0,9
2025,2,alpine,0,0,10
2025,3,mclaren,111,2,1
2025,3,mercedes,75,0,2
2025,3,red_bull,61,1,3
2025,3,ferrari,35,0,4
2025,3,williams,19,0,5
2025,3,haas,15,0,6
2025,3,aston_martin,10,0,7
2025,3,rb,7,0,8
2025,3,sauber,6,0,9
2025,3,alpine,0,0,10
2025,4,mclaren,151,3,1
2025,4,mercedes,93,0,2
2025,4,red_bull,71,1,3
2025,4,ferrari,57,0,4
2025,4,haas,20,0,5
2025,4,williams,19,0,6
2025,4,aston_martin,10,0,7
2025,4,rb,7,0,8
2025,4,alpine,6,0,9
2025,4,sauber,6,0,10
2025,5,mclaren,188,4,1
2025,5,mercedes,111,0,2
2025,5,red_bull,89,1,3
2025,5,ferrari,78,0,4
2025,5,williams,25,0,5
2025,5,haas,20,0,6
2025,5,aston_martin,10,0,7
2025,5,rb,8,0,8
2025,5,alpine,6,0,9
2025,5,sauber,6,0,10
2025,6,mclaren,246,5,1
2025,6,mercedes,141,0,2
2025,6,red_bull,105,1,3
2025,6,ferrari,94,0,4
2025,6,williams,37,0,5
2025,6,haas,20,0,6
2025,6,aston_martin,14,0,7
2025,6,rb,8,0,8
2025,6,alpine,7,0,9
2025,6,sauber,6,0,10
2025,7,mclaren,279,5,1
2025,7,mercedes,147,0,2
2025,7,red_bull,131,2,3
2025,7,ferrari,114,0,4
2025,7,williams,51,0,5
2025,7,haas,20,0,6
2025,7,aston_martin,14,0,7
2025,7,rb,10,0,8
2025,7,alpine,7,0,9
2025,7,sauber,6,0,10
2025,8,mclaren,319,6,1
2025,8,mercedes,147,0,2
2025,8,red_bull,143,2,3
2025,8,ferrari,142,0,4
2025,8,williams,54,0,5
2025,8,haas,26,0,6
2025,8,rb,22,0,7
2025,8,aston_martin,14,0,8
2025,8,alpine,7,0,9
2025,8,sauber,6,0,10
2025,9,mclaren,362,7,1
2025,9,ferrari,165,0,2
2025,9,mercedes,159,0,3
2025,9,red_bull,144,2,4
2025,9,williams,54,0,5
2025,9,rb,28,0,6
2025,9,haas,26,0,7
2025,9,sauber,16,0,8
2025,9,aston_martin,16,0,9
2025,9,alpine,11,0,10
2025,10,mclaren,374,7,1
2025,10,mercedes,199,1,2
2025,10,ferrari,183,0,3
2025,10,red_bull,162,2,4
2025,10,williams,55,0,5
2025,10,haas,28,0,6
2025,10,rb,28,0,7
2025,10,aston_martin,22,0,8
2025,10,sauber,20,0,9
2025,10,alpine,11,0,10
2025,11,mclaren,417,8,1
2025,11,ferrari,210,0,2
2025,11,mercedes,209,1,3
2025,11,red_bull,162,2,4
2025,11,williams,55,0,5
2025,11,rb,36,0,6
2025,11,haas,29,0,7
2025,11,aston_martin,28,0,8
2025,11,sauber,26,0,9
2025,11,alpine,11,0,10
2025,12,mclaren,460,9,1
2025,12,ferrari,222,0,2
2025,12,mercedes,210,1,3
2025,12,red_bull,172,2,4
2025,12,williams,59,0,5
2025,12,sauber,41,0,6
2025,12,rb,36,0,7
2025,12,aston_martin,36,0,8
2025,12,haas,29,0,9
2025,12,alpine,19,0,10
2025,13,mclaren,516,10,1
2025,13,ferrari,248,0,2
2025,13,mercedes,220,1,3
2025,13,red_bull,192,2,4
2025,13,williams,70,0,5
2025,13,sauber,43,0,6
2025,13,rb,41,0,7
2025,13,aston_martin,36,0,8
2025,13,haas,35,0,9
2025,13,alpine,20,0,10
2025,14,mclaren,559,11,1
2025,14,ferrari,260,0,2
2025,14,mercedes,236,1,3
2025,14,red_bull,194,2,4
2025,14,williams,70,0,5
2025,14,aston_martin,52,0,6
2025,14,sauber,51,0,7
2025,14,rb,45,0,8
2025,14,haas,35,0,9
2025,14,alpine,20,0,10
2025,15,mclaren,584,12,1
2025,15,ferrari,260,0,2
2025,15,mercedes,248,1,3
2025,15,red_bull,214,2,4
2025,15,williams,80,0,5
2025,15,aston_martin,62,0,6
2025,15,rb,60,0,7
2025,15,sauber,51,0,8
2025,15,haas,44,0,9
2025,15,alpine,20,0,10
2025,16,mclaren,617,12,1
2025,16,ferrari,280,0,2
2025,16,mercedes,260,1,3
2025,16,red_bull,239,3,4
2025,16,williams,86,0,5
2025,16,aston_martin,62,0,6
2025,16,rb,61,0,7
2025,16,sauber,55,0,8
2025,16,haas,44,0,9
2025,16,alpine,20,0,10
2025,17,mclaren,623,12,1
2025,17,mercedes,290,1,2
2025,17,ferrari,286,0,3
2025,17,red_bull,272,4,4
2025,17,williams,101,0,5
2025,17,rb,72,0,6
2025,17,aston_martin,62,0,7
2025,17,sauber,55,0,8
2025,17,haas,44,0,9
2025,17,alpine,20,0,10
2025,18,mclaren,650,12,1
2025,18,mercedes,325,2,2
2025,18,ferrari,298,0,3
2025,18,red_bull,290,4,4
2025,18,williams,102,0,5
2025,18,rb,72,0,6
2025,18,aston_martin,68,0,7
2025,18,sauber,55,0,8
2025,18,haas,46,0,9
2025,18,alpine,20,0,10
2025,19,mclaren,678,12,1
2025,19,mercedes,341,2,2
2025,19,ferrari,334,0,3
2025,19,red_bull,331,5,4
2025,19,williams,111,0,5
2025,19,rb,72,0,6
2025,19,aston_martin,69,0,7
2025,19,sauber,59,0,8
2025,19,haas,48,0,9
2025,19,alpine,20,0,10
2025,20,mclaren,713,13,1
2025,20,ferrari,356,0,2
2025,20,mercedes,355,2,3
2025,20,red_bull,346,5,4
2025,20,williams,111,0,5
2025,20,rb,72,0,6
2025,20,aston_martin,69,0,7
2025,20,haas,62,0,8
2025,20,sauber,60,0,9
2025,20,alpine,20,0,10
2025,21,mclaren,756,14,1
2025,21,mercedes,398,2,2
2025,21,red_bull,366,5,3
2025,21,ferrari,362,0,4
2025,21,williams,111,0,5
2025,21,rb,82,0,6
2025,21,aston_martin,72,0,7
2025,21,haas,70,0,8
2025,21,sauber,62,0,9
2025,21,alpine,22,0,10
2025,22,mclaren,756,14,1
2025,22,mercedes,431,2,2
2025,22,red_bull,391,6,3
2025,22,ferrari,378,0,4
2025,22,williams,121,0,5
2025,22,rb,90,0,6
2025,22,haas,73,0,7
2025,22,aston_martin,72,0,8
2025,22,sauber,68,0,9
2025,22,alpine,22,0,10
2025,23,mclaren,800,14,1
2025,23,mercedes,459,2,2
2025,23,red_bull,426,7,3
2025,23,ferrari,382,0,4
2025,23,williams,137,0,5
2025,23,rb,92,0,6
2025,23,aston_martin,80,0,7
2025,23,haas,73,0,8
2025,23,sauber,68,0,9
2025,23,alpine,22,0,10
2025,24,mclaren,833,14,1
2025,24,mercedes,469,2,2
2025,24,red_bull,451,8,3
2025,24,ferrari,398,0,4
2025,24,williams,137,0,5
2025,24,rb,92,0,6
2025,24,aston_martin,89,0,7
2025,24,haas,79,0,8
2025,24,sauber,70,0,9
2025,24,alpine,22,0,10
2026,1,mercedes,43,1,1
2026,1,ferrari,27,0,2
2026,1,mclaren,10,0,3
2026,1,red_bull,8,0,4
2026,1,haas,6,0,5
2026,1,rb,4,0,6
2026,1,audi,2,0,7
2026,1,alpine,1,0,8
2026,1,williams,0,0,9
2026,1,cadillac,0,0,10
2026,1,aston_martin,0,0,11
2026,2,mercedes,98,2,1
2026,2,ferrari,67,0,2
2026,2,mclaren,18,0,3
2026,2,haas,17,0,4
2026,2,red_bull,12,0,5
2026,2,rb,12,0,6
2026,2,alpine,10,0,7
2026,2,audi,2,0,8
2026,2,williams,2,0,9
2026,2,cadillac,0,0,10
2026,2,aston_martin,0,0,11
2026,3,mercedes,135,3,1
2026,3,ferrari,90,0,2
2026,3,mclaren,46,0,3
2026,3,haas,18,0,4
2026,3,alpine,16,0,5
2026,3,red_bull,16,0,6
2026,3,rb,14,0,7
2026,3,audi,2,0,8
2026,3,williams,2,0,9
2026,3,cadillac,0,0,10
2026,3,aston_martin,0,0,11
2026,4,mercedes,180,4,1
2026,4,ferrari,110,0,2
2026,4,mclaren,94,0,3
2026,4,red_bull,30,0,4
2026,4,alpine,23,0,5
2026,4,haas,18,0,6
2026,4,rb,14,0,7
2026,4,williams,5,0,8
2026,4,audi,2,0,9
2026,4,cadillac,0,0,10
2026,4,aston_martin,0,0,11
2026,5,mercedes,219,5,1
2026,5,ferrari,147,0,2
2026,5,mclaren,106,0,3
2026,5,red_bull,57,0,4
2026,5,alpine,35,0,5
2026,5,rb,21,0,6
2026,5,haas,19,0,7
2026,5,williams,7,0,8
2026,5,audi,2,0,9
2026,5,cadillac,0,0,10
2026,5,aston_martin,0,0,11
2026,6,mercedes,244,6,1
2026,6,ferrari,165,0,2
2026,6,mclaren,116,0,3
2026,6,red_bull,69,0,4
2026,6,alpine,50,0,5
2026,6,rb,35,0,6
2026,6,haas,21,0,7
2026,6,williams,11,0,8
2026,6,audi,2,0,9
2026,6,aston_martin,1,0,10
2026,6,cadillac,0,0,11
2026,7,mercedes,262,6,1
2026,7,ferrari,190,1,2
2026,7,mclaren,141,0,3
2026,7,red_bull,89,0,4
2026,7,alpine,57,0,5
2026,7,rb,41,0,6
2026,7,haas,21,0,7
2026,7,williams,11,0,8
2026,7,audi,2,0,9
2026,7,aston_martin,1,0,10
2026,7,cadillac,0,0,11
2026,8,mercedes,302,7,1
2026,8,ferrari,204,1,2
2026,8,mclaren,159,0,3
2026,8,red_bull,115,0,4
2026,8,alpine,57,0,5
2026,8,rb,44,0,6
2026,8,haas,21,0,7
2026,8,williams,11,0,8
2026,8,audi,2,0,9
2026,8,aston_martin,1,0,10
2026,8,cadillac,0,0,11
2026,9,mercedes,333,7,1
2026,9,ferrari,255,2,2
2026,9,mclaren,179,0,3
2026,9,red_bull,128,0,4
2026,9,alpine,60,0,5
2026,9,rb,59,0,6
2026,9,haas,21,0,7
2026,9,williams,11,0,8
2026,9,audi,6,0,9
2026,9,aston_martin,1,0,10
2026,9,cadillac,0,0,11
2026,10,mercedes,358,8,1
2026,10,ferrari,285,2,2
2026,10,mclaren,195,0,3
2026,10,red_bull,151,0,4
2026,10,alpine,61,0,5
2026,10,rb,61,0,6
2026,10,haas,21,0,7
2026,10,williams,11,0,8
2026,10,audi,10,0,9
2026,10,aston_martin,1,0,10
2026,10,cadillac,0,0,11
2026,11,mercedes,379,8,1
2026,11,ferrari,307,2,2
2026,11,mclaren,220,1,3
2026,11,red_bull,177,0,4
2026,11,rb,66,0,5
2026,11,alpine,61,0,6
2026,11,haas,21,0,7
2026,11,audi,12,0,8
2026,11,williams,11,0,9
2026,11,aston_martin,1,0,10
2026,11,cadillac,0,0,11
