year,round,driverId,points,wins,position
2018,1,vettel,25,1,1
2018,1,hamilton,18,0,2
2018,1,raikkonen,15,0,3
2018,1,ricciardo,12,0,4
2018,1,alonso,10,0,5
2018,1,max_verstappen,8,0,6
2018,1,hulkenberg,6,0,7
2018,1,bottas,4,0,8
2018,1,vandoorne,2,0,9
2018,1,sainz,1,0,10
2018,1,perez,0,0,11
2018,1,ocon,0,0,12
2018,1,leclerc,0,0,13
2018,1,stroll,0,0,14
2018,1,brendon_hartley,0,0,15
2018,1,grosjean,0,0,-
2018,1,kevin_magnussen,0,0,-
2018,1,gasly,0,0,-
2018,1,ericsson,0,0,-
2018,1,sirotkin,0,0,-
2018,2,vettel,50,2,1
2018,2,hamilton,33,0,2
2018,2,bottas,22,0,3
2018,2,alonso,16,0,4
2018,2,raikkonen,15,0,5
2018,2,hulkenberg,14,0,6
2018,2,gasly,12,0,7
2018,2,ricciardo,12,0,8
2018,2,kevin_magnussen,10,0,9
2018,2,max_verstappen,8,0,10
2018,2,vandoorne,6,0,11
2018,2,ericsson,2,0,12
2018,2,sainz,1,0,13
2018,2,ocon,1,0,14
2018,2,perez,0,0,15
2018,2,leclerc,0,0,16
2018,2,grosjean,0,0,17
2018,2,stroll,0,0,18
2018,2,brendon_hartley,0,0,19
2018,2,sirotkin,0,0,20
2018,3,vettel,54,2,1
2018,3,hamilton,45,0,2
2018,3,bottas,40,0,3
2018,3,ricciardo,37,1,4
2018,3,raikkonen,30,0,5
2018,3,alonso,22,0,6
2018,3,hulkenberg,22,0,7
2018,3,max_verstappen,18,0,8
2018,3,gasly,12,0,9
2018,3,kevin_magnussen,11,0,10
2018,3,vandoorne,6,0,11
2018,3,sainz,3,0,12
2018,3,ericsson,2,0,13
2018,3,ocon,1,0,14
2018,3,perez,0,0,15
2018,3,leclerc,0,0,16
2018,3,grosjean,0,0,17
2018,3,stroll,0,0,18
2018,3,sirotkin,0,0,19
2018,3,brendon_hartley,0,0,20
2018,4,hamilton,70,1,1
2018,4,vettel,66,2,2
2018,4,raikkonen,48,0,3
2018,4,bottas,40,0,4
2018,4,ricciardo,37,1,5
2018,4,alonso,28,0,6
2018,4,hulkenberg,22,0,7
2018,4,max_verstappen,18,0,8
2018,4,perez,15,0,9
2018,4,sainz,13,0,10
2018,4,gasly,12,0,11
2018,4,kevin_magnussen,11,0,12
2018,4,leclerc,8,0,13
2018,4,vandoorne,8,0,14
2018,4,stroll,4,0,15
2018,4,ericsson,2,0,16
2018,4,ocon,1,0,17
2018,4,brendon_hartley,1,0,18
2018,4,grosjean,0,0,19
2018,4,sirotkin,0,0,20
2018,5,hamilton,95,2,1
2018,5,vettel,78,2,2
2018,5,bottas,58,0,3
2018,5,raikkonen,48,0,4
2018,5,ricciardo,47,1,5
2018,5,max_verstappen,33,0,6
2018,5,alonso,32,0,7
2018,5,hulkenberg,22,0,8
2018,5,kevin_magnussen,19,0,9
2018,5,sainz,19,0,10
2018,5,perez,17,0,11
2018,5,gasly,12,0,12
2018,5,leclerc,9,0,13
2018,5,vandoorne,8,0,14
2018,5,stroll,4,0,15
2018,5,ericsson,2,0,16
2018,5,ocon,1,0,17
2018,5,brendon_hartley,1,0,18
2018,5,grosjean,0,0,19
2018,5,sirotkin,0,0,20
2018,6,hamilton,110,2,1
2018,6,vettel,96,2,2
2018,6,ricciardo,72,2,3
2018,6,bottas,68,0,4
2018,6,raikkonen,60,0,5
2018,6,max_verstappen,35,0,6
2018,6,alonso,32,0,7
2018,6,hulkenberg,26,0,8
2018,6,sainz,20,0,9
2018,6,kevin_magnussen,19,0,10
2018,6,gasly,18,0,11
2018,6,perez,17,0,12
2018,6,ocon,9,0,13
2018,6,leclerc,9,0,14
2018,6,vandoorne,8,0,15
2018,6,stroll,4,0,16
2018,6,ericsson,2,0,17
2018,6,brendon_hartley,1,0,18
2018,6,grosjean,0,0,19
2018,6,sirotkin,0,0,20
2018,7,vettel,121,3,1
2018,7,hamilton,120,2,2
2018,7,bottas,86,0,3
2018,7,ricciardo,84,2,4
2018,7,raikkonen,68,0,5
2018,7,max_verstappen,50,0,6
2018,7,alonso,32,0,7
2018,7,hulkenberg,32,0,8
2018,7,sainz,24,0,9
2018,7,kevin_magnussen,19,0,10
2018,7,gasly,18,0,11
2018,7,perez,17,0,12
2018,7,ocon,11,0,13
2018,7,leclerc,10,0,14
2018,7,vandoorne,8,0,15
2018,7,stroll,4,0,16
2018,7,ericsson,2,0,17
2018,7,brendon_hartley,1,0,18
2018,7,grosjean,0,0,19
2018,7,sirotkin,0,0,20
2018,8,hamilton,145,3,1
2018,8,vettel,131,3,2
2018,8,ricciardo,96,2,3
2018,8,bottas,92,0,4
2018,8,raikkonen,83,0,5
2018,8,max_verstappen,68,0,6
2018,8,hulkenberg,34,0,7
2018,8,alonso,32,0,8
2018,8,sainz,28,0,9
2018,8,kevin_magnussen,27,0,10
2018,8,gasly,18,0,11
2018,8,perez,17,0,12
2018,8,ocon,11,0,13
2018,8,leclerc,11,0,14
2018,8,vandoorne,8,0,15
2018,8,stroll,4,0,16
2018,8,ericsson,2,0,17
2018,8,brendon_hartley,1,0,18
2018,8,grosjean,0,0,19
2018,8,sirotkin,0,0,20
2018,9,vettel,146,3,1
2018,9,hamilton,145,3,2
2018,9,raikkonen,101,0,3
2018,9,ricciardo,96,2,4
2018,9,max_verstappen,93,1,5
2018,9,bottas,92,0,6
2018,9,kevin_magnussen,37,0,7
2018,9,alonso,36,0,8
2018,9,hulkenberg,34,0,9
2018,9,sainz,28,0,10
2018,9,perez,23,0,11
2018,9,ocon,19,0,12
2018,9,gasly,18,0,13
2018,9,leclerc,13,0,14
2018,9,grosjean,12,0,15
2018,9,vandoorne,8,0,16
2018,9,stroll,4,0,17
2018,9,ericsson,3,0,18
2018,9,brendon_hartley,1,0,19
2018,9,sirotkin,0,0,20
2018,10,vettel,171,4,1
2018,10,hamilton,163,3,2
2018,10,raikkonen,116,0,3
2018,10,ricciardo,106,2,4
2018,10,bottas,104,0,5
2018,10,max_verstappen,93,1,6
2018,10,hulkenberg,42,0,7
2018,10,alonso,40,0,8
2018,10,kevin_magnussen,39,0,9
2018,10,sainz,28,0,10
2018,10,ocon,25,0,11
2018,10,perez,24,0,12
2018,10,gasly,18,0,13
2018,10,leclerc,13,0,14
2018,10,grosjean,12,0,15
2018,10,vandoorne,8,0,16
2018,10,stroll,4,0,17
2018,10,ericsson,3,0,18
2018,10,brendon_hartley,1,0,19
2018,10,sirotkin,0,0,20
2018,11,hamilton,188,4,1
2018,11,vettel,171,4,2
2018,11,raikkonen,131,0,3
2018,11,bottas,122,0,4
2018,11,ricciardo,106,2,5
2018,11,max_verstappen,105,1,6
2018,11,hulkenberg,52,0,7
2018,11,alonso,40,0,8
2018,11,kevin_magnussen,39,0,9
2018,11,perez,30,0,10
2018,11,ocon,29,0,11
2018,11,sainz,28,0,12
2018,11,grosjean,20,0,13
2018,11,gasly,18,0,14
2018,11,leclerc,13,0,15
2018,11,vandoorne,8,0,16
2018,11,ericsson,5,0,17
2018,11,stroll,4,0,18
2018,11,brendon_hartley,2,0,19
2018,11,sirotkin,0,0,20
2018,12,hamilton,213,5,1
2018,12,vettel,189,4,2
2018,12,raikkonen,146,0,3
2018,12,bottas,132,0,4
2018,12,ricciardo,118,2,5
2018,12,max_verstappen,105,1,6
2018,12,hulkenberg,52,0,7
2018,12,kevin_magnussen,45,0,8
2018,12,alonso,44,0,9
2018,12,perez,30,0,10
2018,12,sainz,30,0,11
2018,12,ocon,29,0,12
2018,12,gasly,26,0,13
2018,12,grosjean,21,0,14
2018,12,leclerc,13,0,15
2018,12,vandoorne,8,0,16
2018,12,ericsson,5,0,17
2018,12,stroll,4,0,18
2018,12,brendon_hartley,2,0,19
2018,12,sirotkin,0,0,20
2018,13,hamilton,231,5,1
2018,13,vettel,214,5,2
2018,13,raikkonen,146,0,3
2018,13,bottas,144,0,4
2018,13,max_verstappen,120,1,5
2018,13,ricciardo,118,2,6
2018,13,hulkenberg,52,0,7
2018,13,kevin_magnussen,49,0,8
2018,13,alonso,44,0,9
2018,13,perez,40,0,10
2018,13,ocon,37,0,11
2018,13,sainz,30,0,12
2018,13,gasly,28,0,13
2018,13,grosjean,27,0,14
2018,13,leclerc,13,0,15
2018,13,vandoorne,8,0,16
2018,13,ericsson,6,0,17
2018,13,stroll,4,0,18
2018,13,brendon_hartley,2,0,19
2018,13,sirotkin,0,0,20
2018,14,hamilton,256,6,1
2018,14,vettel,226,5,2
2018,14,raikkonen,164,0,3
2018,14,bottas,159,0,4
2018,14,max_verstappen,130,1,5
2018,14,ricciardo,118,2,6
2018,14,hulkenberg,52,0,7
2018,14,kevin_magnussen,49,0,8
2018,14,perez,46,0,9
2018,14,ocon,45,0,10
2018,14,alonso,44,0,11
2018,14,sainz,34,0,12
2018,14,gasly,28,0,13
2018,14,grosjean,27,0,14
2018,14,leclerc,13,0,15
2018,14,vandoorne,8,0,16
2018,14,stroll,6,0,17
2018,14,ericsson,6,0,18
2018,14,brendon_hartley,2,0,19
2018,14,sirotkin,1,0,20
2018,15,hamilton,281,7,1
2018,15,vettel,241,5,2
2018,15,raikkonen,174,0,3
2018,15,bottas,171,0,4
2018,15,max_verstappen,148,1,5
2018,15,ricciardo,126,2,6
2018,15,hulkenberg,53,0,7
2018,15,alonso,50,0,8
2018,15,kevin_magnussen,49,0,9
2018,15,perez,46,0,10
2018,15,ocon,45,0,11
2018,15,sainz,38,0,12
2018,15,gasly,28,0,13
2018,15,grosjean,27,0,14
2018,15,leclerc,15,0,15
2018,15,vandoorne,8,0,16
2018,15,stroll,6,0,17
2018,15,ericsson,6,0,18
2018,15,brendon_hartley,2,0,19
2018,15,sirotkin,1,0,20
2018,16,hamilton,306,8,1
2018,16,vettel,256,5,2
2018,16,bottas,189,0,3
2018,16,raikkonen,186,0,4
2018,16,max_verstappen,158,1,5
2018,16,ricciardo,134,2,6
2018,16,kevin_magnussen,53,0,7
2018,16,hulkenberg,53,0,8
2018,16,alonso,50,0,9
2018,16,perez,47,0,10
2018,16,ocon,47,0,11
2018,16,sainz,38,0,12
2018,16,gasly,28,0,13
2018,16,grosjean,27,0,14
2018,16,leclerc,21,0,15
2018,16,vandoorne,8,0,16
2018,16,stroll,6,0,17
2018,16,ericsson,6,0,18
2018,16,brendon_hartley,2,0,19
2018,16,sirotkin,1,0,20
2018,17,hamilton,331,9,1
2018,17,vettel,264,5,2
2018,17,bottas,207,0,3
2018,17,raikkonen,196,0,4
2018,17,max_verstappen,173,1,5
2018,17,ricciardo,146,2,6
2018,17,perez,53,0,7
2018,17,kevin_magnussen,53,0,8
2018,17,hulkenberg,53,0,9
2018,17,alonso,50,0,10
2018,17,ocon,49,0,11
2018,17,sainz,39,0,12
2018,17,grosjean,31,0,13
2018,17,gasly,28,0,14
2018,17,leclerc,21,0,15
2018,17,vandoorne,8,0,16
2018,17,stroll,6,0,17
2018,17,ericsson,6,0,18
2018,17,brendon_hartley,2,0,19
2018,17,sirotkin,1,0,20
2018,18,hamilton,346,9,1
2018,18,vettel,276,5,2
2018,18,raikkonen,221,1,3
2018,18,bottas,217,0,4
2018,18,max_verstappen,191,1,5
2018,18,ricciardo,146,2,6
2018,18,hulkenberg,61,0,7
2018,18,perez,57,0,8
2018,18,kevin_magnussen,53,0,9
2018,18,alonso,50,0,10
2018,18,ocon,49,0,11
2018,18,sainz,45,0,12
2018,18,grosjean,31,0,13
2018,18,gasly,28,0,14
2018,18,leclerc,21,0,15
2018,18,vandoorne,8,0,16
2018,18,ericsson,7,0,17
2018,18,stroll,6,0,18
2018,18,brendon_hartley,4,0,19
2018,18,sirotkin,1,0,20
2018,19,hamilton,358,9,1
2018,19,vettel,294,5,2
2018,19,raikkonen,236,1,3
2018,19,bottas,227,0,4
2018,19,max_verstappen,216,2,5
2018,19,ricciardo,146,2,6
2018,19,hulkenberg,69,0,7
2018,19,perez,57,0,8
2018,19,kevin_magnussen,53,0,9
2018,19,alonso,50,0,10
2018,19,ocon,49,0,11
2018,19,sainz,45,0,12
2018,19,grosjean,31,0,13
2018,19,gasly,29,0,14
2018,19,leclerc,27,0,15
2018,19,vandoorne,12,0,16
2018,19,ericsson,9,0,17
2018,19,stroll,6,0,18
2018,19,brendon_hartley,4,0,19
2018,19,sirotkin,1,0,20
2018,20,hamilton,383,10,1
2018,20,vettel,302,5,2
2018,20,raikkonen,251,1,3
2018,20,bottas,237,0,4
2018,20,max_verstappen,234,2,5
2018,20,ricciardo,158,2,6
2018,20,hulkenberg,69,0,7
2018,20,perez,58,0,8
2018,20,kevin_magnussen,55,0,9
2018,20,alonso,50,0,10
2018,20,ocon,49,0,11
2018,20,sainz,45,0,12
2018,20,grosjean,35,0,13
2018,20,leclerc,33,0,14
2018,20,gasly,29,0,15
2018,20,vandoorne,12,0,16
2018,20,ericsson,9,0,17
2018,20,stroll,6,0,18
2018,20,brendon_hartley,4,0,19
2018,20,sirotkin,1,0,20
2018,21,hamilton,408,11,1
2018,21,vettel,320,5,2
2018,21,raikkonen,251,1,3
2018,21,max_verstappen,249,2,4
2018,21,bottas,247,0,5
2018,21,ricciardo,170,2,6
2018,21,hulkenberg,69,0,7
2018,21,perez,62,0,8
2018,21,kevin_magnussen,56,0,9
2018,21,sainz,53,0,10
2018,21,alonso,50,0,11
2018,21,ocon,49,0,12
2018,21,leclerc,39,0,13
2018,21,grosjean,37,0,14
2018,21,gasly,29,0,15
2018,21,vandoorne,12,0,16
2018,21,ericsson,9,0,17
2018,21,stroll,6,0,18
2018,21,brendon_hartley,4,0,19
2018,21,sirotkin,1,0,20
2019,1,bottas,26,1,1
2019,1,hamilton,18,0,2
2019,1,max_verstappen,15,0,3
2019,1,vettel,12,0,4
2019,1,leclerc,10,0,5
2019,1,kevin_magnussen,8,0,6
2019,1,hulkenberg,6,0,7
2019,1,raikkonen,4,0,8
2019,1,stroll,2,0,9
2019,1,kvyat,1,0,10
2019,1,gasly,0,0,11
2019,1,norris,0,0,12
2019,1,perez,0,0,13
2019,1,albon,0,0,14
2019,1,giovinazzi,0,0,15
2019,1,russell,0,0,16
2019,1,kubica,0,0,17
2019,1,grosjean,0,0,-
2019,1,ricciardo,0,0,-
2019,1,sainz,0,0,-
2019,2,bottas,44,1,1
2019,2,hamilton,43,1,2
2019,2,max_verstappen,27,0,3
2019,2,leclerc,26,0,4
2019,2,vettel,22,0,5
2019,2,raikkonen,10,0,6
2019,2,norris,8,0,7
2019,2,kevin_magnussen,8,0,8
2019,2,hulkenberg,6,0,9
2019,2,gasly,4,0,10
2019,2,stroll,2,0,11
2019,2,albon,2,0,12
2019,2,kvyat,1,0,13
2019,2,perez,1,0,14
2019,2,giovinazzi,0,0,15
2019,2,russell,0,0,16
2019,2,kubica,0,0,17
2019,2,ricciardo,0,0,-
2019,2,grosjean,0,0,-
2019,2,sainz,0,0,-
2019,3,hamilton,68,2,1
2019,3,bottas,62,1,2
2019,3,max_verstappen,39,0,3
2019,3,vettel,37,0,4
2019,3,leclerc,36,0,5
2019,3,gasly,13,0,6
2019,3,raikkonen,12,0,7
2019,3,norris,8,0,8
2019,3,kevin_magnussen,8,0,9
2019,3,hulkenberg,6,0,10
2019,3,ricciardo,6,0,11
2019,3,perez,5,0,12
2019,3,albon,3,0,13
2019,3,stroll,2,0,14
2019,3,kvyat,1,0,15
2019,3,giovinazzi,0,0,16
2019,3,grosjean,0,0,17
2019,3,sainz,0,0,18
2019,3,russell,0,0,19
2019,3,kubica,0,0,20
2019,4,bottas,87,2,1
2019,4,hamilton,86,2,2
2019,4,vettel,52,0,3
2019,4,max_verstappen,51,0,4
2019,4,leclerc,47,0,5
2019,4,perez,13,0,6
2019,4,gasly,13,0,7
2019,4,raikkonen,13,0,8
2019,4,norris,12,0,9
2019,4,kevin_magnussen,8,0,10
2019,4,hulkenberg,6,0,11
2019,4,sainz,6,0,12
2019,4,ricciardo,6,0,13
2019,4,stroll,4,0,14
2019,4,albon,3,0,15
2019,4,kvyat,1,0,16
2019,4,giovinazzi,0,0,17
2019,4,grosjean,0,0,18
2019,4,russell,0,0,19
2019,4,kubica,0,0,20
2019,5,hamilton,112,3,1
2019,5,bottas,105,2,2
2019,5,max_verstappen,66,0,3
2019,5,vettel,64,0,4
2019,5,leclerc,57,0,5
2019,5,gasly,21,0,6
2019,5,kevin_magnussen,14,0,7
2019,5,perez,13,0,8
2019,5,raikkonen,13,0,9
2019,5,norris,12,0,10
2019,5,sainz,10,0,11
2019,5,ricciardo,6,0,12
2019,5,hulkenberg,6,0,13
2019,5,stroll,4,0,14
2019,5,albon,3,0,15
2019,5,kvyat,3,0,16
2019,5,grosjean,1,0,17
2019,5,giovinazzi,0,0,18
2019,5,russell,0,0,19
2019,5,kubica,0,0,20
2019,6,hamilton,137,4,1
2019,6,bottas,120,2,2
2019,6,vettel,82,0,3
2019,6,max_verstappen,78,0,4
2019,6,leclerc,57,0,5
2019,6,gasly,32,0,6
2019,6,sainz,18,0,7
2019,6,kevin_magnussen,14,0,8
2019,6,perez,13,0,9
2019,6,raikkonen,13,0,10
2019,6,norris,12,0,11
2019,6,kvyat,9,0,12
2019,6,ricciardo,8,0,13
2019,6,albon,7,0,14
2019,6,hulkenberg,6,0,15
2019,6,stroll,4,0,16
2019,6,grosjean,2,0,17
2019,6,giovinazzi,0,0,18
2019,6,russell,0,0,19
2019,6,kubica,0,0,20
2019,7,hamilton,162,5,1
2019,7,bottas,133,2,2
2019,7,vettel,100,0,3
2019,7,max_verstappen,88,0,4
2019,7,leclerc,72,0,5
2019,7,gasly,36,0,6
2019,7,sainz,18,0,7
2019,7,ricciardo,16,0,8
2019,7,kevin_magnussen,14,0,9
2019,7,perez,13,0,10
2019,7,raikkonen,13,0,11
2019,7,norris,12,0,12
2019,7,hulkenberg,12,0,13
2019,7,kvyat,10,0,14
2019,7,albon,7,0,15
2019,7,stroll,6,0,16
2019,7,grosjean,2,0,17
2019,7,giovinazzi,0,0,18
2019,7,russell,0,0,19
2019,7,kubica,0,0,20
2019,8,hamilton,187,6,1
2019,8,bottas,151,2,2
2019,8,vettel,111,0,3
2019,8,max_verstappen,100,0,4
2019,8,leclerc,87,0,5
2019,8,gasly,37,0,6
2019,8,sainz,26,0,7
2019,8,raikkonen,19,0,8
2019,8,ricciardo,16,0,9
2019,8,hulkenberg,16,0,10
2019,8,kevin_magnussen,14,0,11
2019,8,norris,14,0,12
2019,8,perez,13,0,13
2019,8,kvyat,10,0,14
2019,8,albon,7,0,15
2019,8,stroll,6,0,16
2019,8,grosjean,2,0,17
2019,8,giovinazzi,0,0,18
2019,8,russell,0,0,19
2019,8,kubica,0,0,20
2019,9,hamilton,197,6,1
2019,9,bottas,166,2,2
2019,9,max_verstappen,126,1,3
2019,9,vettel,123,0,4
2019,9,leclerc,105,0,5
2019,9,gasly,43,0,6
2019,9,sainz,30,0,7
2019,9,norris,22,0,8
2019,9,raikkonen,21,0,9
2019,9,ricciardo,16,0,10
2019,9,hulkenberg,16,0,11
2019,9,kevin_magnussen,14,0,12
2019,9,perez,13,0,13
2019,9,kvyat,10,0,14
2019,9,albon,7,0,15
2019,9,stroll,6,0,16
2019,9,grosjean,2,0,17
2019,9,giovinazzi,1,0,18
2019,9,russell,0,0,19
2019,9,kubica,0,0,20
2019,10,hamilton,223,7,1
2019,10,bottas,184,2,2
2019,10,max_verstappen,136,1,3
2019,10,vettel,123,0,4
2019,10,leclerc,120,0,5
2019,10,gasly,55,0,6
2019,10,sainz,38,0,7
2019,10,raikkonen,25,0,8
2019,10,norris,22,0,9
2019,10,ricciardo,22,0,10
2019,10,hulkenberg,17,0,11
2019,10,kevin_magnussen,14,0,12
2019,10,perez,13,0,13
2019,10,kvyat,12,0,14
2019,10,albon,7,0,15
2019,10,stroll,6,0,16
2019,10,grosjean,2,0,17
2019,10,giovinazzi,1,0,18
2019,10,russell,0,0,19
2019,10,kubica,0,0,20
2019,11,hamilton,225,7,1
2019,11,bottas,184,2,2
2019,11,max_verstappen,162,2,3
2019,11,vettel,141,0,4
2019,11,leclerc,120,0,5
2019,11,gasly,55,0,6
2019,11,sainz,48,0,7
2019,11,kvyat,27,0,8
2019,11,raikkonen,25,0,9
2019,11,norris,22,0,10
2019,11,ricciardo,22,0,11
2019,11,stroll,18,0,12
2019,11,kevin_magnussen,18,0,13
2019,11,hulkenberg,17,0,14
2019,11,albon,15,0,15
2019,11,perez,13,0,16
2019,11,grosjean,8,0,17
2019,11,giovinazzi,1,0,18
2019,11,kubica,1,0,19
2019,11,russell,0,0,20
2019,12,hamilton,250,8,1
2019,12,bottas,188,2,2
2019,12,max_verstappen,181,2,3
2019,12,vettel,156,0,4
2019,12,leclerc,132,0,5
2019,12,gasly,63,0,6
2019,12,sainz,58,0,7
2019,12,raikkonen,31,0,8
2019,12,kvyat,27,0,9
2019,12,norris,24,0,10
2019,12,ricciardo,22,0,11
2019,12,stroll,18,0,12
2019,12,kevin_magnussen,18,0,13
2019,12,hulkenberg,17,0,14
2019,12,albon,16,0,15
2019,12,perez,13,0,16
2019,12,grosjean,8,0,17
2019,12,giovinazzi,1,0,18
2019,12,kubica,1,0,19
2019,12,russell,0,0,20
2019,13,hamilton,268,8,1
2019,13,bottas,203,2,2
2019,13,max_verstappen,181,2,3
2019,13,vettel,169,0,4
2019,13,leclerc,157,1,5
2019,13,gasly,65,0,6
2019,13,sainz,58,0,7
2019,13,kvyat,33,0,8
2019,13,raikkonen,31,0,9
2019,13,albon,26,0,10
2019,13,norris,24,0,11
2019,13,ricciardo,22,0,12
2019,13,perez,21,0,13
2019,13,hulkenberg,21,0,14
2019,13,stroll,19,0,15
2019,13,kevin_magnussen,18,0,16
2019,13,grosjean,8,0,17
2019,13,giovinazzi,1,0,18
2019,13,kubica,1,0,19
2019,13,russell,0,0,20
2019,14,hamilton,284,8,1
2019,14,bottas,221,2,2
2019,14,max_verstappen,185,2,3
2019,14,leclerc,182,2,4
2019,14,vettel,169,0,5
2019,14,gasly,65,0,6
2019,14,sainz,58,0,7
2019,14,ricciardo,34,0,8
2019,14,albon,34,0,9
2019,14,kvyat,33,0,10
2019,14,hulkenberg,31,0,11
2019,14,raikkonen,31,0,12
2019,14,perez,27,0,13
2019,14,norris,25,0,14
2019,14,stroll,19,0,15
2019,14,kevin_magnussen,18,0,16
2019,14,grosjean,8,0,17
2019,14,giovinazzi,3,0,18
2019,14,kubica,1,0,19
2019,14,russell,0,0,20
2019,15,hamilton,296,8,1
2019,15,bottas,231,2,2
2019,15,leclerc,200,2,3
2019,15,max_verstappen,200,2,4
2019,15,vettel,194,1,5
2019,15,gasly,69,0,6
2019,15,sainz,58,0,7
2019,15,albon,42,0,8
2019,15,ricciardo,34,0,9
2019,15,kvyat,33,0,10
2019,15,hulkenberg,33,0,11
2019,15,norris,31,0,12
2019,15,raikkonen,31,0,13
2019,15,perez,27,0,14
2019,15,stroll,19,0,15
2019,15,kevin_magnussen,18,0,16
2019,15,grosjean,8,0,17
2019,15,giovinazzi,4,0,18
2019,15,kubica,1,0,19
2019,15,russell,0,0,20
2019,16,hamilton,322,9,1
2019,16,bottas,249,2,2
2019,16,leclerc,215,2,3
2019,16,max_verstappen,212,2,4
2019,16,vettel,194,1,5
2019,16,gasly,69,0,6
2019,16,sainz,66,0,7
2019,16,albon,52,0,8
2019,16,norris,35,0,9
2019,16,ricciardo,34,0,10
2019,16,hulkenberg,34,0,11
2019,16,kvyat,33,0,12
2019,16,perez,33,0,13
2019,16,raikkonen,31,0,14
2019,16,kevin_magnussen,20,0,15
2019,16,stroll,19,0,16
2019,16,grosjean,8,0,17
2019,16,giovinazzi,4,0,18
2019,16,kubica,1,0,19
2019,16,russell,0,0,20
2019,17,hamilton,338,9,1
2019,17,bottas,274,3,2
2019,17,leclerc,223,2,3
2019,17,max_verstappen,212,2,4
2019,17,vettel,212,1,5
2019,17,sainz,76,0,6
2019,17,gasly,75,0,7
2019,17,albon,64,0,8
2019,17,perez,37,0,9
2019,17,norris,35,0,10
2019,17,kvyat,34,0,11
2019,17,ricciardo,34,0,12
2019,17,hulkenberg,34,0,13
2019,17,raikkonen,31,0,14
2019,17,stroll,21,0,15
2019,17,kevin_magnussen,20,0,16
2019,17,grosjean,8,0,17
2019,17,giovinazzi,4,0,18
2019,17,kubica,1,0,19
2019,17,russell,0,0,20
2019,18,hamilton,363,10,1
2019,18,bottas,289,3,2
2019,18,leclerc,236,2,3
2019,18,vettel,230,1,4
2019,18,max_verstappen,220,2,5
2019,18,gasly,77,0,6
2019,18,sainz,76,0,7
2019,18,albon,74,0,8
2019,18,perez,43,0,9
2019,18,ricciardo,38,0,10
2019,18,hulkenberg,35,0,11
2019,18,norris,35,0,12
2019,18,kvyat,34,0,13
2019,18,raikkonen,31,0,14
2019,18,stroll,21,0,15
2019,18,kevin_magnussen,20,0,16
2019,18,grosjean,8,0,17
2019,18,giovinazzi,4,0,18
2019,18,kubica,1,0,19
2019,18,russell,0,0,20
2019,19,hamilton,381,10,1
2019,19,bottas,314,4,2
2019,19,leclerc,249,2,3
2019,19,max_verstappen,235,2,4
2019,19,vettel,230,1,5
2019,19,albon,84,0,6
2019,19,sainz,80,0,7
2019,19,gasly,77,0,8
2019,19,ricciardo,46,0,9
2019,19,perez,44,0,10
2019,19,norris,41,0,11
2019,19,hulkenberg,37,0,12
2019,19,kvyat,34,0,13
2019,19,raikkonen,31,0,14
2019,19,stroll,21,0,15
2019,19,kevin_magnussen,20,0,16
2019,19,grosjean,8,0,17
2019,19,giovinazzi,4,0,18
2019,19,kubica,1,0,19
2019,19,russell,0,0,20
2019,20,hamilton,387,10,1
2019,20,bottas,314,4,2
2019,20,max_verstappen,260,3,3
2019,20,leclerc,249,2,4
2019,20,vettel,230,1,5
2019,20,gasly,95,0,6
2019,20,sainz,95,0,7
2019,20,albon,84,0,8
2019,20,ricciardo,54,0,9
2019,20,perez,46,0,10
2019,20,norris,45,0,11
2019,20,raikkonen,43,0,12
2019,20,hulkenberg,37,0,13
2019,20,kvyat,35,0,14
2019,20,stroll,21,0,15
2019,20,kevin_magnussen,20,0,16
2019,20,giovinazzi,14,0,17
2019,20,grosjean,8,0,18
2019,20,kubica,1,0,19
2019,20,russell,0,0,20
2019,21,hamilton,413,11,1
2019,21,bottas,326,4,2
2019,21,max_verstappen,278,3,3
2019,21,leclerc,264,2,4
2019,21,vettel,240,1,5
2019,21,sainz,96,0,6
2019,21,gasly,95,0,7
2019,21,albon,92,0,8
2019,21,ricciardo,54,0,9
2019,21,perez,52,0,10
2019,21,norris,49,0,11
2019,21,raikkonen,43,0,12
2019,21,kvyat,37,0,13
2019,21,hulkenberg,37,0,14
2019,21,stroll,21,0,15
2019,21,kevin_magnussen,20,0,16
2019,21,giovinazzi,14,0,17
2019,21,grosjean,8,0,18
2019,21,kubica,1,0,19
2019,21,russell,0,0,20
2020,1,bottas,25,1,1
2020,1,leclerc,18,0,2
2020,1,norris,16,0,3
2020,1,hamilton,12,0,4
2020,1,sainz,10,0,5
2020,1,perez,8,0,6
2020,1,gasly,6,0,7
2020,1,ocon,4,0,8
2020,1,giovinazzi,2,0,9
2020,1,vettel,1,0,10
2020,1,latifi,0,0,11
2020,1,kvyat,0,0,12
2020,1,albon,0,0,13
2020,1,raikkonen,0,0,-
2020,1,russell,0,0,-
2020,1,grosjean,0,0,-
2020,1,kevin_magnussen,0,0,-
2020,1,stroll,0,0,-
2020,1,ricciardo,0,0,-
2020,1,max_verstappen,0,0,-
2020,2,bottas,43,1,1
2020,2,hamilton,37,1,2
2020,2,norris,26,0,3
2020,2,leclerc,18,0,4
2020,2,perez,16,0,5
2020,2,max_verstappen,15,0,6
2020,2,sainz,13,0,7
2020,2,albon,12,0,8
2020,2,gasly,6,0,9
2020,2,stroll,6,0,10
2020,2,ocon,4,0,11
2020,2,ricciardo,4,0,12
2020,2,giovinazzi,2,0,13
2020,2,kvyat,1,0,14
2020,2,vettel,1,0,15
2020,2,latifi,0,0,16
2020,2,raikkonen,0,0,17
2020,2,kevin_magnussen,0,0,18
2020,2,grosjean,0,0,19
2020,2,russell,0,0,20
2020,3,hamilton,63,2,1
2020,3,bottas,58,1,2
2020,3,max_verstappen,33,0,3
2020,3,norris,26,0,4
2020,3,albon,22,0,5
2020,3,perez,22,0,6
2020,3,leclerc,18,0,7
2020,3,stroll,18,0,8
2020,3,sainz,15,0,9
2020,3,vettel,9,0,10
2020,3,ricciardo,8,0,11
2020,3,gasly,6,0,12
2020,3,ocon,4,0,13
2020,3,giovinazzi,2,0,14
2020,3,kvyat,1,0,15
2020,3,kevin_magnussen,1,0,16
2020,3,raikkonen,0,0,17
2020,3,latifi,0,0,18
2020,3,grosjean,0,0,19
2020,3,russell,0,0,20
2020,4,hamilton,88,3,1
2020,4,bottas,58,1,2
2020,4,max_verstappen,52,0,3
2020,4,norris,36,0,4
2020,4,leclerc,33,0,5
2020,4,albon,26,0,6
2020,4,perez,22,0,7
2020,4,stroll,20,0,8
2020,4,ricciardo,20,0,9
2020,4,sainz,15,0,10
2020,4,ocon,12,0,11
2020,4,gasly,12,0,12
2020,4,vettel,10,0,13
2020,4,giovinazzi,2,0,14
2020,4,kvyat,1,0,15
2020,4,kevin_magnussen,1,0,16
2020,4,latifi,0,0,17
2020,4,raikkonen,0,0,18
2020,4,russell,0,0,19
2020,4,grosjean,0,0,20
2020,4,hulkenberg,0,0,-
2020,5,hamilton,107,3,1
2020,5,max_verstappen,77,1,2
2020,5,bottas,73,1,3
2020,5,leclerc,45,0,4
2020,5,norris,38,0,5
2020,5,albon,36,0,6
2020,5,stroll,28,0,7
2020,5,perez,22,0,8
2020,5,ricciardo,20,0,9
2020,5,ocon,16,0,10
2020,5,sainz,15,0,11
2020,5,gasly,12,0,12
2020,5,vettel,10,0,13
2020,5,hulkenberg,6,0,14
2020,5,giovinazzi,2,0,15
2020,5,kvyat,2,0,16
2020,5,kevin_magnussen,1,0,17
2020,5,raikkonen,0,0,18
2020,5,latifi,0,0,19
2020,5,russell,0,0,20
2020,5,grosjean,0,0,21
2020,6,hamilton,132,4,1
2020,6,max_verstappen,95,1,2
2020,6,bottas,89,1,3
2020,6,leclerc,45,0,4
2020,6,stroll,40,0,5
2020,6,albon,40,0,6
2020,6,norris,39,0,7
2020,6,perez,32,0,8
2020,6,sainz,23,0,9
2020,6,ricciardo,20,0,10
2020,6,vettel,16,0,11
2020,6,ocon,16,0,12
2020,6,gasly,14,0,13
2020,6,hulkenberg,6,0,14
2020,6,giovinazzi,2,0,15
2020,6,kvyat,2,0,16
2020,6,kevin_magnussen,1,0,17
2020,6,raikkonen,0,0,18
2020,6,latifi,0,0,19
2020,6,russell,0,0,20
2020,6,grosjean,0,0,21
2020,7,hamilton,157,5,1
2020,7,max_verstappen,110,1,2
2020,7,bottas,107,1,3
2020,7,albon,48,0,4
2020,7,leclerc,45,0,5
2020,7,norris,45,0,6
2020,7,stroll,42,0,7
2020,7,ricciardo,33,0,8
2020,7,perez,33,0,9
2020,7,ocon,26,0,10
2020,7,sainz,23,0,11
2020,7,gasly,18,0,12
2020,7,vettel,16,0,13
2020,7,hulkenberg,6,0,14
2020,7,giovinazzi,2,0,15
2020,7,kvyat,2,0,16
2020,7,kevin_magnussen,1,0,17
2020,7,raikkonen,0,0,18
2020,7,latifi,0,0,19
2020,7,russell,0,0,20
2020,7,grosjean,0,0,21
2020,8,hamilton,164,5,1
2020,8,bottas,117,1,2
2020,8,max_verstappen,110,1,3
2020,8,stroll,57,0,4
2020,8,norris,57,0,5
2020,8,albon,48,0,6
2020,8,leclerc,45,0,7
2020,8,gasly,43,1,8
2020,8,sainz,41,0,9
2020,8,ricciardo,41,0,10
2020,8,perez,34,0,11
2020,8,ocon,30,0,12
2020,8,vettel,16,0,13
2020,8,hulkenberg,6,0,14
2020,8,kvyat,4,0,15
2020,8,giovinazzi,2,0,16
2020,8,kevin_magnussen,1,0,17
2020,8,latifi,0,0,18
2020,8,raikkonen,0,0,19
2020,8,grosjean,0,0,20
2020,8,russell,0,0,21
2020,9,hamilton,190,6,1
2020,9,bottas,135,1,2
2020,9,max_verstappen,110,1,3
2020,9,norris,65,0,4
2020,9,albon,63,0,5
2020,9,stroll,57,0,6
2020,9,ricciardo,53,0,7
2020,9,leclerc,49,0,8
2020,9,perez,44,0,9
2020,9,gasly,43,1,10
2020,9,sainz,41,0,11
2020,9,ocon,30,0,12
2020,9,vettel,17,0,13
2020,9,kvyat,10,0,14
2020,9,hulkenberg,6,0,15
2020,9,raikkonen,2,0,16
2020,9,giovinazzi,2,0,17
2020,9,kevin_magnussen,1,0,18
2020,9,latifi,0,0,19
2020,9,russell,0,0,20
2020,9,grosjean,0,0,21
2020,10,hamilton,205,6,1
2020,10,bottas,161,2,2
2020,10,max_verstappen,128,1,3
2020,10,norris,65,0,4
2020,10,albon,64,0,5
2020,10,ricciardo,63,0,6
2020,10,leclerc,57,0,7
2020,10,stroll,57,0,8
2020,10,perez,56,0,9
2020,10,gasly,45,1,10
2020,10,sainz,41,0,11
2020,10,ocon,36,0,12
2020,10,vettel,17,0,13
2020,10,kvyat,14,0,14
2020,10,hulkenberg,6,0,15
2020,10,raikkonen,2,0,16
2020,10,giovinazzi,2,0,17
2020,10,kevin_magnussen,1,0,18
2020,10,latifi,0,0,19
2020,10,russell,0,0,20
2020,10,grosjean,0,0,21
2020,11,hamilton,230,7,1
2020,11,bottas,161,2,2
2020,11,max_verstappen,147,1,3
2020,11,ricciardo,78,0,4
2020,11,perez,68,0,5
2020,11,norris,65,0,6
2020,11,albon,64,0,7
2020,11,leclerc,63,0,8
2020,11,stroll,57,0,9
2020,11,gasly,53,1,10
2020,11,sainz,51,0,11
2020,11,ocon,36,0,12
2020,11,vettel,17,0,13
2020,11,kvyat,14,0,14
2020,11,hulkenberg,10,0,15
2020,11,giovinazzi,3,0,16
2020,11,raikkonen,2,0,17
2020,11,grosjean,2,0,18
2020,11,kevin_magnussen,1,0,19
2020,11,latifi,0,0,20
2020,11,russell,0,0,21
2020,12,hamilton,256,8,1
2020,12,bottas,179,2,2
2020,12,max_verstappen,162,1,3
2020,12,ricciardo,80,0,4
2020,12,leclerc,75,0,5
2020,12,perez,74,0,6
2020,12,norris,65,0,7
2020,12,albon,64,0,8
2020,12,gasly,63,1,9
2020,12,sainz,59,0,10
2020,12,stroll,57,0,11
2020,12,ocon,40,0,12
2020,12,vettel,18,0,13
2020,12,kvyat,14,0,14
2020,12,hulkenberg,10,0,15
2020,12,giovinazzi,3,0,16
2020,12,raikkonen,2,0,17
2020,12,grosjean,2,0,18
2020,12,kevin_magnussen,1,0,19
2020,12,latifi,0,0,20
2020,12,russell,0,0,21
2020,13,hamilton,282,9,1
2020,13,bottas,197,2,2
2020,13,max_verstappen,162,1,3
2020,13,ricciardo,95,0,4
2020,13,leclerc,85,0,5
2020,13,perez,82,0,6
2020,13,norris,69,0,7
2020,13,sainz,65,0,8
2020,13,albon,64,0,9
2020,13,gasly,63,1,10
2020,13,stroll,57,0,11
2020,13,ocon,40,0,12
2020,13,kvyat,26,0,13
2020,13,vettel,18,0,14
2020,13,hulkenberg,10,0,15
2020,13,raikkonen,4,0,16
2020,13,giovinazzi,4,0,17
2020,13,grosjean,2,0,18
2020,13,kevin_magnussen,1,0,19
2020,13,latifi,0,0,20
2020,13,russell,0,0,21
2020,14,hamilton,307,10,1
2020,14,bottas,197,2,2
2020,14,max_verstappen,170,1,3
2020,14,perez,100,0,4
2020,14,leclerc,97,0,5
2020,14,ricciardo,96,0,6
2020,14,sainz,75,0,7
2020,14,norris,74,0,8
2020,14,albon,70,0,9
2020,14,gasly,63,1,10
2020,14,stroll,59,0,11
2020,14,ocon,40,0,12
2020,14,vettel,33,0,13
2020,14,kvyat,26,0,14
2020,14,hulkenberg,10,0,15
2020,14,raikkonen,4,0,16
2020,14,giovinazzi,4,0,17
2020,14,grosjean,2,0,18
2020,14,kevin_magnussen,1,0,19
2020,14,latifi,0,0,20
2020,14,russell,0,0,21
2020,15,hamilton,332,11,1
2020,15,bottas,201,2,2
2020,15,max_verstappen,189,1,3
2020,15,ricciardo,102,0,4
2020,15,perez,100,0,5
2020,15,leclerc,98,0,6
2020,15,norris,86,0,7
2020,15,sainz,85,0,8
2020,15,albon,85,0,9
2020,15,gasly,71,1,10
2020,15,stroll,59,0,11
2020,15,ocon,42,0,12
2020,15,vettel,33,0,13
2020,15,kvyat,26,0,14
2020,15,hulkenberg,10,0,15
2020,15,raikkonen,4,0,16
2020,15,giovinazzi,4,0,17
2020,15,grosjean,2,0,18
2020,15,kevin_magnussen,1,0,19
2020,15,latifi,0,0,20
2020,15,russell,0,0,21
2020,16,hamilton,332,11,1
2020,16,bottas,205,2,2
2020,16,max_verstappen,189,1,3
2020,16,perez,125,1,4
2020,16,ricciardo,112,0,5
2020,16,leclerc,98,0,6
2020,16,sainz,97,0,7
2020,16,albon,93,0,8
2020,16,norris,87,0,9
2020,16,stroll,74,0,10
2020,16,gasly,71,1,11
2020,16,ocon,60,0,12
2020,16,vettel,33,0,13
2020,16,kvyat,32,0,14
2020,16,hulkenberg,10,0,15
2020,16,raikkonen,4,0,16
2020,16,giovinazzi,4,0,17
2020,16,russell,3,0,18
2020,16,grosjean,2,0,19
2020,16,kevin_magnussen,1,0,20
2020,16,latifi,0,0,21
2020,16,aitken,0,0,22
2020,16,pietro_fittipaldi,0,0,23
2020,17,hamilton,347,11,1
2020,17,bottas,223,2,2
2020,17,max_verstappen,214,2,3
2020,17,perez,125,1,4
2020,17,ricciardo,119,0,5
2020,17,sainz,105,0,6
2020,17,albon,105,0,7
2020,17,leclerc,98,0,8
2020,17,norris,97,0,9
2020,17,gasly,75,1,10
2020,17,stroll,75,0,11
2020,17,ocon,62,0,12
2020,17,vettel,33,0,13
2020,17,kvyat,32,0,14
2020,17,hulkenberg,10,0,15
2020,17,raikkonen,4,0,16
2020,17,giovinazzi,4,0,17
2020,17,russell,3,0,18
2020,17,grosjean,2,0,19
2020,17,kevin_magnussen,1,0,20
2020,17,latifi,0,0,21
2020,17,aitken,0,0,22
2020,17,pietro_fittipaldi,0,0,23
2021,1,hamilton,25,1,1
2021,1,max_verstappen,18,0,2
2021,1,bottas,16,0,3
2021,1,norris,12,0,4
2021,1,perez,10,0,5
2021,1,leclerc,8,0,6
2021,1,ricciardo,6,0,7
2021,1,sainz,4,0,8
2021,1,tsunoda,2,0,9
2021,1,stroll,1,0,10
2021,1,raikkonen,0,0,11
2021,1,giovinazzi,0,0,12
2021,1,ocon,0,0,13
2021,1,russell,0,0,14
2021,1,vettel,0,0,15
2021,1,mick_schumacher,0,0,16
2021,1,gasly,0,0,17
2021,1,latifi,0,0,18
2021,1,alonso,0,0,-
2021,1,mazepin,0,0,-
2021,2,hamilton,44,1,1
2021,2,max_verstappen,43,1,2
2021,2,norris,27,0,3
2021,2,leclerc,20,0,4
2021,2,bottas,16,0,5
2021,2,sainz,14,0,6
2021,2,ricciardo,14,0,7
2021,2,perez,10,0,8
2021,2,gasly,6,0,9
2021,2,stroll,5,0,10
2021,2,tsunoda,2,0,11
2021,2,ocon,2,0,12
2021,2,alonso,1,0,13
2021,2,raikkonen,0,0,14
2021,2,giovinazzi,0,0,15
2021,2,russell,0,0,16
2021,2,vettel,0,0,17
2021,2,mick_schumacher,0,0,18
2021,2,mazepin,0,0,19
2021,2,latifi,0,0,20
2021,3,hamilton,69,2,1
2021,3,max_verstappen,61,1,2
2021,3,norris,37,0,3
2021,3,bottas,32,0,4
2021,3,leclerc,28,0,5
2021,3,perez,22,0,6
2021,3,ricciardo,16,0,7
2021,3,sainz,14,0,8
2021,3,ocon,8,0,9
2021,3,gasly,7,0,10
2021,3,stroll,5,0,11
2021,3,alonso,5,0,12
2021,3,tsunoda,2,0,13
2021,3,raikkonen,0,0,14
2021,3,giovinazzi,0,0,15
2021,3,vettel,0,0,16
2021,3,russell,0,0,17
2021,3,mick_schumacher,0,0,18
2021,3,mazepin,0,0,19
2021,3,latifi,0,0,20
2021,4,hamilton,94,3,1
2021,4,max_verstappen,80,1,2
2021,4,bottas,47,0,3
2021,4,norris,41,0,4
2021,4,leclerc,40,0,5
2021,4,perez,32,0,6
2021,4,ricciardo,24,0,7
2021,4,sainz,20,0,8
2021,4,ocon,10,0,9
2021,4,gasly,8,0,10
2021,4,stroll,5,0,11
2021,4,alonso,5,0,12
2021,4,tsunoda,2,0,13
2021,4,raikkonen,0,0,14
2021,4,giovinazzi,0,0,15
2021,4,vettel,0,0,16
2021,4,russell,0,0,17
2021,4,mick_schumacher,0,0,18
2021,4,latifi,0,0,19
2021,4,mazepin,0,0,20
2021,5,max_verstappen,105,2,1
2021,5,hamilton,101,3,2
2021,5,norris,56,0,3
2021,5,bottas,47,0,4
2021,5,perez,44,0,5
2021,5,leclerc,40,0,6
2021,5,sainz,38,0,7
2021,5,ricciardo,24,0,8
2021,5,gasly,16,0,9
2021,5,ocon,12,0,10
2021,5,vettel,10,0,11
2021,5,stroll,9,0,12
2021,5,alonso,5,0,13
2021,5,tsunoda,2,0,14
2021,5,giovinazzi,1,0,15
2021,5,raikkonen,0,0,16
2021,5,russell,0,0,17
2021,5,latifi,0,0,18
2021,5,mick_schumacher,0,0,19
2021,5,mazepin,0,0,20
2021,6,max_verstappen,105,2,1
2021,6,hamilton,101,3,2
2021,6,perez,69,1,3
2021,6,norris,66,0,4
2021,6,leclerc,52,0,5
2021,6,bottas,47,0,6
2021,6,sainz,42,0,7
2021,6,gasly,31,0,8
2021,6,vettel,28,0,9
2021,6,ricciardo,26,0,10
2021,6,alonso,13,0,11
2021,6,ocon,12,0,12
2021,6,stroll,9,0,13
2021,6,tsunoda,8,0,14
2021,6,raikkonen,1,0,15
2021,6,giovinazzi,1,0,16
2021,6,mick_schumacher,0,0,17
2021,6,russell,0,0,18
2021,6,mazepin,0,0,19
2021,6,latifi,0,0,20
2021,7,max_verstappen,131,3,1
2021,7,hamilton,119,3,2
2021,7,perez,84,1,3
2021,7,norris,76,0,4
2021,7,bottas,59,0,5
2021,7,leclerc,52,0,6
2021,7,sainz,42,0,7
2021,7,gasly,37,0,8
2021,7,ricciardo,34,0,9
2021,7,vettel,30,0,10
2021,7,alonso,17,0,11
2021,7,ocon,12,0,12
2021,7,stroll,10,0,13
2021,7,tsunoda,8,0,14
2021,7,raikkonen,1,0,15
2021,7,giovinazzi,1,0,16
2021,7,russell,0,0,17
2021,7,mick_schumacher,0,0,18
2021,7,mazepin,0,0,19
2021,7,latifi,0,0,20
2021,8,max_verstappen,156,4,1
2021,8,hamilton,138,3,2
2021,8,perez,96,1,3
2021,8,norris,86,0,4
2021,8,bottas,74,0,5
2021,8,leclerc,58,0,6
2021,8,sainz,50,0,7
2021,8,gasly,37,0,8
2021,8,ricciardo,34,0,9
2021,8,vettel,30,0,10
2021,8,alonso,19,0,11
2021,8,stroll,14,0,12
2021,8,ocon,12,0,13
2021,8,tsunoda,9,0,14
2021,8,raikkonen,1,0,15
2021,8,giovinazzi,1,0,16
2021,8,russell,0,0,17
2021,8,mick_schumacher,0,0,18
2021,8,mazepin,0,0,19
2021,8,latifi,0,0,20
2021,9,max_verstappen,182,5,1
2021,9,hamilton,150,3,2
2021,9,perez,104,1,3
2021,9,norris,101,0,4
2021,9,bottas,92,0,5
2021,9,leclerc,62,0,6
2021,9,sainz,60,0,7
2021,9,ricciardo,40,0,8
2021,9,gasly,39,0,9
2021,9,vettel,30,0,10
2021,9,alonso,20,0,11
2021,9,stroll,14,0,12
2021,9,ocon,12,0,13
2021,9,tsunoda,9,0,14
2021,9,raikkonen,1,0,15
2021,9,giovinazzi,1,0,16
2021,9,russell,0,0,17
2021,9,mick_schumacher,0,0,18
2021,9,mazepin,0,0,19
2021,9,latifi,0,0,20
2021,10,max_verstappen,185,5,1
2021,10,hamilton,177,4,2
2021,10,norris,113,0,3
2021,10,bottas,108,0,4
2021,10,perez,104,1,5
2021,10,leclerc,80,0,6
2021,10,sainz,68,0,7
2021,10,ricciardo,50,0,8
2021,10,gasly,39,0,9
2021,10,vettel,30,0,10
2021,10,alonso,26,0,11
2021,10,stroll,18,0,12
2021,10,ocon,14,0,13
2021,10,tsunoda,10,0,14
2021,10,raikkonen,1,0,15
2021,10,giovinazzi,1,0,16
2021,10,russell,0,0,17
2021,10,mick_schumacher,0,0,18
2021,10,latifi,0,0,19
2021,10,mazepin,0,0,20
2021,11,hamilton,195,4,1
2021,11,max_verstappen,187,5,2
2021,11,norris,113,0,3
2021,11,bottas,108,0,4
2021,11,perez,104,1,5
2021,11,sainz,83,0,6
2021,11,leclerc,80,0,7
2021,11,gasly,50,0,8
2021,11,ricciardo,50,0,9
2021,11,ocon,39,1,10
2021,11,alonso,38,0,11
2021,11,vettel,30,0,12
2021,11,tsunoda,18,0,13
2021,11,stroll,18,0,14
2021,11,latifi,6,0,15
2021,11,russell,4,0,16
2021,11,raikkonen,2,0,17
2021,11,giovinazzi,1,0,18
2021,11,mick_schumacher,0,0,19
2021,11,mazepin,0,0,20
2021,12,hamilton,202.5,4,1
2021,12,max_verstappen,199.5,6,2
2021,12,norris,113,0,3
2021,12,bottas,108,0,4
2021,12,perez,104,1,5
2021,12,sainz,83.5,0,6
2021,12,leclerc,82,0,7
2021,12,ricciardo,56,0,8
2021,12,gasly,54,0,9
2021,12,ocon,42,1,10
2021,12,alonso,38,0,11
2021,12,vettel,35,0,12
2021,12,tsunoda,18,0,13
2021,12,stroll,18,0,14
2021,12,russell,13,0,15
2021,12,latifi,7,0,16
2021,12,raikkonen,2,0,17
2021,12,giovinazzi,1,0,18
2021,12,mick_schumacher,0,0,19
2021,12,mazepin,0,0,20
2021,13,max_verstappen,224.5,7,1
2021,13,hamilton,221.5,4,2
2021,13,bottas,123,0,3
2021,13,norris,114,0,4
2021,13,perez,108,1,5
2021,13,leclerc,92,0,6
2021,13,sainz,89.5,0,7
2021,13,gasly,66,0,8
2021,13,ricciardo,56,0,9
2021,13,alonso,46,0,10
2021,13,ocon,44,1,11
2021,13,vettel,35,0,12
2021,13,tsunoda,18,0,13
2021,13,stroll,18,0,14
2021,13,russell,13,0,15
2021,13,latifi,7,0,16
2021,13,raikkonen,2,0,17
2021,13,giovinazzi,1,0,18
2021,13,mick_schumacher,0,0,19
2021,13,mazepin,0,0,20
2021,13,kubica,0,0,21
2021,14,max_verstappen,226.5,7,1
2021,14,hamilton,221.5,4,2
2021,14,bottas,141,0,3
2021,14,norris,132,0,4
2021,14,perez,118,1,5
2021,14,leclerc,104,0,6
2021,14,sainz,97.5,0,7
2021,14,ricciardo,83,1,8
2021,14,gasly,66,0,9
2021,14,alonso,50,0,10
2021,14,ocon,45,1,11
2021,14,vettel,35,0,12
2021,14,stroll,24,0,13
2021,14,tsunoda,18,0,14
2021,14,russell,15,0,15
2021,14,latifi,7,0,16
2021,14,raikkonen,2,0,17
2021,14,giovinazzi,1,0,18
2021,14,mick_schumacher,0,0,19
2021,14,kubica,0,0,20
2021,14,mazepin,0,0,21
2021,15,hamilton,246.5,5,1
2021,15,max_verstappen,244.5,7,2
2021,15,bottas,151,0,3
2021,15,norris,139,0,4
2021,15,perez,120,1,5
2021,15,sainz,112.5,0,6
2021,15,leclerc,104,0,7
2021,15,ricciardo,95,1,8
2021,15,gasly,66,0,9
2021,15,alonso,58,0,10
2021,15,ocon,45,1,11
2021,15,vettel,35,0,12
2021,15,stroll,24,0,13
2021,15,tsunoda,18,0,14
2021,15,russell,16,0,15
2021,15,latifi,7,0,16
2021,15,raikkonen,6,0,17
2021,15,giovinazzi,1,0,18
2021,15,mick_schumacher,0,0,19
2021,15,kubica,0,0,20
2021,15,mazepin,0,0,21
2021,16,max_verstappen,262.5,7,1
2021,16,hamilton,256.5,5,2
2021,16,bottas,177,1,3
2021,16,norris,145,0,4
2021,16,perez,135,1,5
2021,16,sainz,116.5,0,6
2021,16,leclerc,116,0,7
2021,16,ricciardo,95,1,8
2021,16,gasly,74,0,9
2021,16,alonso,58,0,10
2021,16,ocon,46,1,11
2021,16,vettel,35,0,12
2021,16,stroll,26,0,13
2021,16,tsunoda,18,0,14
2021,16,russell,16,0,15
2021,16,latifi,7,0,16
2021,16,raikkonen,6,0,17
2021,16,giovinazzi,1,0,18
2021,16,mick_schumacher,0,0,19
2021,16,kubica,0,0,20
2021,16,mazepin,0,0,21
2021,17,max_verstappen,287.5,8,1
2021,17,hamilton,275.5,5,2
2021,17,bottas,185,1,3
2021,17,perez,150,1,4
2021,17,norris,149,0,5
2021,17,leclerc,128,0,6
2021,17,sainz,122.5,0,7
2021,17,ricciardo,105,1,8
2021,17,gasly,74,0,9
2021,17,alonso,58,0,10
2021,17,ocon,46,1,11
2021,17,vettel,36,0,12
2021,17,stroll,26,0,13
2021,17,tsunoda,20,0,14
2021,17,russell,16,0,15
2021,17,latifi,7,0,16
2021,17,raikkonen,6,0,17
2021,17,giovinazzi,1,0,18
2021,17,mick_schumacher,0,0,19
2021,17,kubica,0,0,20
2021,17,mazepin,0,0,21
2021,18,max_verstappen,312.5,9,1
2021,18,hamilton,293.5,5,2
2021,18,bottas,185,1,3
2021,18,perez,165,1,4
2021,18,norris,150,0,5
2021,18,leclerc,138,0,6
2021,18,sainz,130.5,0,7
2021,18,ricciardo,105,1,8
2021,18,gasly,86,0,9
2021,18,alonso,60,0,10
2021,18,ocon,46,1,11
2021,18,vettel,42,0,12
2021,18,stroll,26,0,13
2021,18,tsunoda,20,0,14
2021,18,russell,16,0,15
2021,18,raikkonen,10,0,16
2021,18,latifi,7,0,17
2021,18,giovinazzi,1,0,18
2021,18,mick_schumacher,0,0,19
2021,18,kubica,0,0,20
2021,18,mazepin,0,0,21
2021,19,max_verstappen,332.5,9,1
2021,19,hamilton,318.5,6,2
2021,19,bottas,203,1,3
2021,19,perez,178,1,4
2021,19,norris,151,0,5
2021,19,leclerc,148,0,6
2021,19,sainz,139.5,0,7
2021,19,ricciardo,105,1,8
2021,19,gasly,92,0,9
2021,19,alonso,62,0,10
2021,19,ocon,50,1,11
2021,19,vettel,42,0,12
2021,19,stroll,26,0,13
2021,19,tsunoda,20,0,14
2021,19,russell,16,0,15
2021,19,raikkonen,10,0,16
2021,19,latifi,7,0,17
2021,19,giovinazzi,1,0,18
2021,19,mick_schumacher,0,0,19
2021,19,kubica,0,0,20
2021,19,mazepin,0,0,21
2021,20,max_verstappen,351.5,9,1
2021,20,hamilton,343.5,7,2
2021,20,bottas,203,1,3
2021,20,perez,190,1,4
2021,20,norris,153,0,5
2021,20,leclerc,152,0,6
2021,20,sainz,145.5,0,7
2021,20,ricciardo,105,1,8
2021,20,gasly,92,0,9
2021,20,alonso,77,0,10
2021,20,ocon,60,1,11
2021,20,vettel,43,0,12
2021,20,stroll,34,0,13
2021,20,tsunoda,20,0,14
2021,20,russell,16,0,15
2021,20,raikkonen,10,0,16
2021,20,latifi,7,0,17
2021,20,giovinazzi,1,0,18
2021,20,mick_schumacher,0,0,19
2021,20,kubica,0,0,20
2021,20,mazepin,0,0,21
2021,21,max_verstappen,369.5,9,1
2021,21,hamilton,369.5,8,2
2021,21,bottas,218,1,3
2021,21,perez,190,1,4
2021,21,leclerc,158,0,5
2021,21,norris,154,0,6
2021,21,sainz,149.5,0,7
2021,21,ricciardo,115,1,8
2021,21,gasly,100,0,9
2021,21,alonso,77,0,10
2021,21,ocon,72,1,11
2021,21,vettel,43,0,12
2021,21,stroll,34,0,13
2021,21,tsunoda,20,0,14
2021,21,russell,16,0,15
2021,21,raikkonen,10,0,16
2021,21,latifi,7,0,17
2021,21,giovinazzi,3,0,18
2021,21,mick_schumacher,0,0,19
2021,21,kubica,0,0,20
2021,21,mazepin,0,0,21
2021,22,max_verstappen,395.5,10,1
2021,22,hamilton,387.5,8,2
2021,22,bottas,226,1,3
2021,22,perez,190,1,4
2021,22,sainz,164.5,0,5
2021,22,norris,160,0,6
2021,22,leclerc,159,0,7
2021,22,ricciardo,115,1,8
2021,22,gasly,110,0,9
2021,22,alonso,81,0,10
2021,22,ocon,74,1,11
2021,22,vettel,43,0,12
2021,22,stroll,34,0,13
2021,22,tsunoda,32,0,14
2021,22,russell,16,0,15
2021,22,raikkonen,10,0,16
2021,22,latifi,7,0,17
2021,22,giovinazzi,3,0,18
2021,22,mick_schumacher,0,0,19
2021,22,kubica,0,0,20
2021,22,mazepin,0,0,21
2022,1,leclerc,26,1,1
2022,1,sainz,18,0,2
2022,1,hamilton,15,0,3
2022,1,russell,12,0,4
2022,1,kevin_magnussen,10,0,5
2022,1,bottas,8,0,6
2022,1,ocon,6,0,7
2022,1,tsunoda,4,0,8
2022,1,alonso,2,0,9
2022,1,zhou,1,0,10
2022,1,mick_schumacher,0,0,11
2022,1,stroll,0,0,12
2022,1,albon,0,0,13
2022,1,ricciardo,0,0,14
2022,1,norris,0,0,15
2022,1,latifi,0,0,16
2022,1,hulkenberg,0,0,17
2022,1,perez,0,0,18
2022,1,max_verstappen,0,0,19
2022,1,gasly,0,0,-
2022,2,leclerc,45,1,1
2022,2,sainz,33,0,2
2022,2,max_verstappen,25,1,3
2022,2,russell,22,0,4
2022,2,hamilton,16,0,5
2022,2,ocon,14,0,6
2022,2,perez,12,0,7
2022,2,kevin_magnussen,12,0,8
2022,2,bottas,8,0,9
2022,2,norris,6,0,10
2022,2,tsunoda,4,0,11
2022,2,gasly,4,0,12
2022,2,alonso,2,0,13
2022,2,zhou,1,0,14
2022,2,mick_schumacher,0,0,15
2022,2,stroll,0,0,16
2022,2,hulkenberg,0,0,17
2022,2,albon,0,0,18
2022,2,ricciardo,0,0,19
2022,2,latifi,0,0,20
2022,3,leclerc,71,2,1
2022,3,russell,37,0,2
2022,3,sainz,33,0,3
2022,3,perez,30,0,4
2022,3,hamilton,28,0,5
2022,3,max_verstappen,25,1,6
2022,3,ocon,20,0,7
2022,3,norris,16,0,8
2022,3,kevin_magnussen,12,0,9
2022,3,bottas,12,0,10
2022,3,ricciardo,8,0,11
2022,3,gasly,6,0,12
2022,3,tsunoda,4,0,13
2022,3,alonso,2,0,14
2022,3,zhou,1,0,15
2022,3,albon,1,0,16
2022,3,mick_schumacher,0,0,17
2022,3,stroll,0,0,18
2022,3,hulkenberg,0,0,19
2022,3,latifi,0,0,20
2022,3,vettel,0,0,-
2022,4,leclerc,86,2,1
2022,4,max_verstappen,59,2,2
2022,4,perez,54,0,3
2022,4,russell,49,0,4
2022,4,sainz,38,0,5
2022,4,norris,35,0,6
2022,4,hamilton,28,0,7
2022,4,bottas,24,0,8
2022,4,ocon,20,0,9
2022,4,kevin_magnussen,15,0,10
2022,4,ricciardo,11,0,11
2022,4,tsunoda,10,0,12
2022,4,gasly,6,0,13
2022,4,vettel,4,0,14
2022,4,alonso,2,0,15
2022,4,zhou,1,0,16
2022,4,albon,1,0,17
2022,4,stroll,1,0,18
2022,4,mick_schumacher,0,0,19
2022,4,hulkenberg,0,0,20
2022,4,latifi,0,0,21
2022,5,leclerc,104,2,1
2022,5,max_verstappen,85,3,2
2022,5,perez,66,0,3
2022,5,russell,59,0,4
2022,5,sainz,53,0,5
2022,5,hamilton,36,0,6
2022,5,norris,35,0,7
2022,5,bottas,30,0,8
2022,5,ocon,24,0,9
2022,5,kevin_magnussen,15,0,10
2022,5,ricciardo,11,0,11
2022,5,tsunoda,10,0,12
2022,5,gasly,6,0,13
2022,5,vettel,4,0,14
2022,5,albon,3,0,15
2022,5,alonso,2,0,16
2022,5,stroll,2,0,17
2022,5,zhou,1,0,18
2022,5,mick_schumacher,0,0,19
2022,5,hulkenberg,0,0,20
2022,5,latifi,0,0,21
2022,6,max_verstappen,110,4,1
2022,6,leclerc,104,2,2
2022,6,perez,85,0,3
2022,6,russell,74,0,4
2022,6,sainz,65,0,5
2022,6,hamilton,46,0,6
2022,6,norris,39,0,7
2022,6,bottas,38,0,8
2022,6,ocon,30,0,9
2022,6,kevin_magnussen,15,0,10
2022,6,ricciardo,11,0,11
2022,6,tsunoda,11,0,12
2022,6,gasly,6,0,13
2022,6,vettel,4,0,14
2022,6,alonso,4,0,15
2022,6,albon,3,0,16
2022,6,stroll,2,0,17
2022,6,zhou,1,0,18
2022,6,mick_schumacher,0,0,19
2022,6,hulkenberg,0,0,20
2022,6,latifi,0,0,21
2022,7,max_verstappen,125,4,1
2022,7,leclerc,116,2,2
2022,7,perez,110,1,3
2022,7,russell,84,0,4
2022,7,sainz,83,0,5
2022,7,hamilton,50,0,6
2022,7,norris,48,0,7
2022,7,bottas,40,0,8
2022,7,ocon,30,0,9
2022,7,kevin_magnussen,15,0,10
2022,7,ricciardo,11,0,11
2022,7,tsunoda,11,0,12
2022,7,alonso,10,0,13
2022,7,gasly,6,0,14
2022,7,vettel,5,0,15
2022,7,albon,3,0,16
2022,7,stroll,2,0,17
2022,7,zhou,1,0,18
2022,7,mick_schumacher,0,0,19
2022,7,hulkenberg,0,0,20
2022,7,latifi,0,0,21
2022,8,max_verstappen,150,5,1
2022,8,perez,129,1,2
2022,8,leclerc,116,2,3
2022,8,russell,99,0,4
2022,8,sainz,83,0,5
2022,8,hamilton,62,0,6
2022,8,norris,50,0,7
2022,8,bottas,40,0,8
2022,8,ocon,31,0,9
2022,8,gasly,16,0,10
2022,8,alonso,16,0,11
2022,8,kevin_magnussen,15,0,12
2022,8,ricciardo,15,0,13
2022,8,vettel,13,0,14
2022,8,tsunoda,11,0,15
2022,8,albon,3,0,16
2022,8,stroll,2,0,17
2022,8,zhou,1,0,18
2022,8,mick_schumacher,0,0,19
2022,8,hulkenberg,0,0,20
2022,8,latifi,0,0,21
2022,9,max_verstappen,175,6,1
2022,9,perez,129,1,2
2022,9,leclerc,126,2,3
2022,9,russell,111,0,4
2022,9,sainz,102,0,5
2022,9,hamilton,77,0,6
2022,9,norris,50,0,7
2022,9,bottas,46,0,8
2022,9,ocon,39,0,9
2022,9,alonso,18,0,10
2022,9,gasly,16,0,11
2022,9,kevin_magnussen,15,0,12
2022,9,ricciardo,15,0,13
2022,9,vettel,13,0,14
2022,9,tsunoda,11,0,15
2022,9,zhou,5,0,16
2022,9,albon,3,0,17
2022,9,stroll,3,0,18
2022,9,mick_schumacher,0,0,19
2022,9,hulkenberg,0,0,20
2022,9,latifi,0,0,21
2022,10,max_verstappen,181,6,1
2022,10,perez,147,1,2
2022,10,leclerc,138,2,3
2022,10,sainz,127,1,4
2022,10,russell,111,0,5
2022,10,hamilton,93,0,6
2022,10,norris,58,0,7
2022,10,bottas,46,0,8
2022,10,ocon,39,0,9
2022,10,alonso,28,0,10
2022,10,gasly,16,0,11
2022,10,kevin_magnussen,16,0,12
2022,10,vettel,15,0,13
2022,10,ricciardo,15,0,14
2022,10,tsunoda,11,0,15
2022,10,zhou,5,0,16
2022,10,mick_schumacher,4,0,17
2022,10,albon,3,0,18
2022,10,stroll,3,0,19
2022,10,latifi,0,0,20
2022,10,hulkenberg,0,0,21
2022,11,max_verstappen,208,6,1
2022,11,leclerc,170,3,2
2022,11,perez,151,1,3
2022,11,sainz,133,1,4
2022,11,russell,128,0,5
2022,11,hamilton,109,0,6
2022,11,norris,64,0,7
2022,11,ocon,52,0,8
2022,11,bottas,46,0,9
2022,11,alonso,29,0,10
2022,11,kevin_magnussen,22,0,11
2022,11,ricciardo,17,0,12
2022,11,gasly,16,0,13
2022,11,vettel,15,0,14
2022,11,mick_schumacher,12,0,15
2022,11,tsunoda,11,0,16
2022,11,zhou,5,0,17
2022,11,albon,3,0,18
2022,11,stroll,3,0,19
2022,11,latifi,0,0,20
2022,11,hulkenberg,0,0,21
2022,12,max_verstappen,233,7,1
2022,12,leclerc,170,3,2
2022,12,perez,163,1,3
2022,12,sainz,144,1,4
2022,12,russell,143,0,5
2022,12,hamilton,127,0,6
2022,12,norris,70,0,7
2022,12,ocon,56,0,8
2022,12,bottas,46,0,9
2022,12,alonso,37,0,10
2022,12,kevin_magnussen,22,0,11
2022,12,ricciardo,19,0,12
2022,12,gasly,16,0,13
2022,12,vettel,15,0,14
2022,12,mick_schumacher,12,0,15
2022,12,tsunoda,11,0,16
2022,12,zhou,5,0,17
2022,12,stroll,4,0,18
2022,12,albon,3,0,19
2022,12,latifi,0,0,20
2022,12,hulkenberg,0,0,21
2022,13,max_verstappen,258,8,1
2022,13,leclerc,178,3,2
2022,13,perez,173,1,3
2022,13,russell,158,0,4
2022,13,sainz,156,1,5
2022,13,hamilton,146,0,6
2022,13,norris,76,0,7
2022,13,ocon,58,0,8
2022,13,bottas,46,0,9
2022,13,alonso,41,0,10
2022,13,kevin_magnussen,22,0,11
2022,13,ricciardo,19,0,12
2022,13,gasly,16,0,13
2022,13,vettel,16,0,14
2022,13,mick_schumacher,12,0,15
2022,13,tsunoda,11,0,16
2022,13,zhou,5,0,17
2022,13,stroll,4,0,18
2022,13,albon,3,0,19
2022,13,latifi,0,0,20
2022,13,hulkenberg,0,0,21
2022,14,max_verstappen,284,9,1
2022,14,perez,191,1,2
2022,14,leclerc,186,3,3
2022,14,sainz,171,1,4
2022,14,russell,170,0,5
2022,14,hamilton,146,0,6
2022,14,norris,76,0,7
2022,14,ocon,64,0,8
2022,14,alonso,51,0,9
2022,14,bottas,46,0,10
2022,14,kevin_magnussen,22,0,11
2022,14,vettel,20,0,12
2022,14,ricciardo,19,0,13
2022,14,gasly,18,0,14
2022,14,mick_schumacher,12,0,15
2022,14,tsunoda,11,0,16
2022,14,zhou,5,0,17
2022,14,albon,4,0,18
2022,14,stroll,4,0,19
2022,14,latifi,0,0,20
2022,14,hulkenberg,0,0,21
2022,15,max_verstappen,310,10,1
2022,15,leclerc,201,3,2
2022,15,perez,201,1,3
2022,15,russell,188,0,4
2022,15,sainz,175,1,5
2022,15,hamilton,158,0,6
2022,15,norris,82,0,7
2022,15,ocon,66,0,8
2022,15,alonso,59,0,9
2022,15,bottas,46,0,10
2022,15,kevin_magnussen,22,0,11
2022,15,vettel,20,0,12
2022,15,ricciardo,19,0,13
2022,15,gasly,18,0,14
2022,15,mick_schumacher,12,0,15
2022,15,tsunoda,11,0,16
2022,15,zhou,5,0,17
2022,15,stroll,5,0,18
2022,15,albon,4,0,19
2022,15,latifi,0,0,20
2022,15,hulkenberg,0,0,21
2022,16,max_verstappen,335,11,1
2022,16,leclerc,219,3,2
2022,16,perez,210,1,3
2022,16,russell,203,0,4
2022,16,sainz,187,1,5
2022,16,hamilton,168,0,6
2022,16,norris,88,0,7
2022,16,ocon,66,0,8
2022,16,alonso,59,0,9
2022,16,bottas,46,0,10
2022,16,gasly,22,0,11
2022,16,kevin_magnussen,22,0,12
2022,16,vettel,20,0,13
2022,16,ricciardo,19,0,14
2022,16,mick_schumacher,12,0,15
2022,16,tsunoda,11,0,16
2022,16,zhou,6,0,17
2022,16,stroll,5,0,18
2022,16,albon,4,0,19
2022,16,de_vries,2,0,20
2022,16,latifi,0,0,21
2022,16,hulkenberg,0,0,22
2022,17,max_verstappen,341,11,1
2022,17,leclerc,237,3,2
2022,17,perez,235,2,3
2022,17,russell,203,0,4
2022,17,sainz,202,1,5
2022,17,hamilton,170,0,6
2022,17,norris,100,0,7
2022,17,ocon,66,0,8
2022,17,alonso,59,0,9
2022,17,bottas,46,0,10
2022,17,ricciardo,29,0,11
2022,17,vettel,24,0,12
2022,17,gasly,23,0,13
2022,17,kevin_magnussen,22,0,14
2022,17,stroll,13,0,15
2022,17,mick_schumacher,12,0,16
2022,17,tsunoda,11,0,17
2022,17,zhou,6,0,18
2022,17,albon,4,0,19
2022,17,de_vries,2,0,20
2022,17,latifi,0,0,21
2022,17,hulkenberg,0,0,22
2022,18,max_verstappen,366,12,1
2022,18,perez,253,2,2
2022,18,leclerc,252,3,3
2022,18,russell,207,0,4
2022,18,sainz,202,1,5
2022,18,hamilton,180,0,6
2022,18,norris,101,0,7
2022,18,ocon,78,0,8
2022,18,alonso,65,0,9
2022,18,bottas,46,0,10
2022,18,vettel,32,0,11
2022,18,ricciardo,29,0,12
2022,18,gasly,23,0,13
2022,18,kevin_magnussen,22,0,14
2022,18,stroll,13,0,15
2022,18,mick_schumacher,12,0,16
2022,18,tsunoda,11,0,17
2022,18,zhou,6,0,18
2022,18,albon,4,0,19
2022,18,latifi,2,0,20
2022,18,de_vries,2,0,21
2022,18,hulkenberg,0,0,22
2022,19,max_verstappen,391,13,1
2022,19,leclerc,267,3,2
2022,19,perez,265,2,3
2022,19,russell,218,0,4
2022,19,sainz,202,1,5
2022,19,hamilton,198,0,6
2022,19,norris,109,0,7
2022,19,ocon,78,0,8
2022,19,alonso,71,0,9
2022,19,bottas,46,0,10
2022,19,vettel,36,0,11
2022,19,ricciardo,29,0,12
2022,19,kevin_magnussen,24,0,13
2022,19,gasly,23,0,14
2022,19,stroll,13,0,15
2022,19,mick_schumacher,12,0,16
2022,19,tsunoda,12,0,17
2022,19,zhou,6,0,18
2022,19,albon,4,0,19
2022,19,latifi,2,0,20
2022,19,de_vries,2,0,21
2022,19,hulkenberg,0,0,22
2022,20,max_verstappen,416,14,1
2022,20,perez,280,2,2
2022,20,leclerc,275,3,3
2022,20,russell,231,0,4
2022,20,hamilton,216,0,5
2022,20,sainz,212,1,6
2022,20,norris,111,0,7
2022,20,ocon,82,0,8
2022,20,alonso,71,0,9
2022,20,bottas,47,0,10
2022,20,vettel,36,0,11
2022,20,ricciardo,35,0,12
2022,20,kevin_magnussen,24,0,13
2022,20,gasly,23,0,14
2022,20,stroll,13,0,15
2022,20,mick_schumacher,12,0,16
2022,20,tsunoda,12,0,17
2022,20,zhou,6,0,18
2022,20,albon,4,0,19
2022,20,latifi,2,0,20
2022,20,de_vries,2,0,21
2022,20,hulkenberg,0,0,22
2022,21,max_verstappen,429,14,1
2022,21,leclerc,290,3,2
2022,21,perez,290,2,3
2022,21,russell,265,1,4
2022,21,hamilton,240,0,5
2022,21,sainz,234,1,6
2022,21,norris,113,0,7
2022,21,ocon,86,0,8
2022,21,alonso,81,0,9
2022,21,bottas,49,0,10
2022,21,vettel,36,0,11
2022,21,ricciardo,35,0,12
2022,21,kevin_magnussen,25,0,13
2022,21,gasly,23,0,14
2022,21,stroll,14,0,15
2022,21,mick_schumacher,12,0,16
2022,21,tsunoda,12,0,17
2022,21,zhou,6,0,18
2022,21,albon,4,0,19
2022,21,latifi,2,0,20
2022,21,de_vries,2,0,21
2022,21,hulkenberg,0,0,22
2022,22,max_verstappen,454,15,1
2022,22,leclerc,308,3,2
2022,22,perez,305,2,3
2022,22,russell,275,1,4
2022,22,sainz,246,1,5
2022,22,hamilton,240,0,6
2022,22,norris,122,0,7
2022,22,ocon,92,0,8
2022,22,alonso,81,0,9
2022,22,bottas,49,0,10
2022,22,ricciardo,37,0,11
2022,22,vettel,37,0,12
2022,22,kevin_magnussen,25,0,13
2022,22,gasly,23,0,14
2022,22,stroll,18,0,15
2022,22,mick_schumacher,12,0,16
2022,22,tsunoda,12,0,17
2022,22,zhou,6,0,18
2022,22,albon,4,0,19
2022,22,latifi,2,0,20
2022,22,de_vries,2,0,21
2022,22,hulkenberg,0,0,22
2023,1,max_verstappen,25,1,1
2023,1,perez,18,0,2
2023,1,alonso,15,0,3
2023,1,sainz,12,0,4
2023,1,hamilton,10,0,5
2023,1,stroll,8,0,6
2023,1,russell,6,0,7
2023,1,bottas,4,0,8
2023,1,gasly,2,0,9
2023,1,albon,1,0,10
2023,1,tsunoda,0,0,11
2023,1,sargeant,0,0,12
2023,1,kevin_magnussen,0,0,13
2023,1,de_vries,0,0,14
2023,1,hulkenberg,0,0,15
2023,1,zhou,0,0,16
2023,1,norris,0,0,17
2023,1,ocon,0,0,-
2023,1,leclerc,0,0,-
2023,1,piastri,0,0,-
2023,2,max_verstappen,44,1,1
2023,2,perez,43,1,2
2023,2,alonso,30,0,3
2023,2,sainz,20,0,4
2023,2,hamilton,20,0,5
2023,2,russell,18,0,6
2023,2,stroll,8,0,7
2023,2,leclerc,6,0,8
2023,2,bottas,4,0,9
2023,2,ocon,4,0,10
2023,2,gasly,4,0,11
2023,2,kevin_magnussen,1,0,12
2023,2,albon,1,0,13
2023,2,tsunoda,0,0,14
2023,2,hulkenberg,0,0,15
2023,2,sargeant,0,0,16
2023,2,zhou,0,0,17
2023,2,de_vries,0,0,18
2023,2,piastri,0,0,19
2023,2,norris,0,0,20
2023,3,max_verstappen,69,2,1
2023,3,perez,54,1,2
2023,3,alonso,45,0,3
2023,3,hamilton,38,0,4
2023,3,sainz,20,0,5
2023,3,stroll,20,0,6
2023,3,russell,18,0,7
2023,3,norris,8,0,8
2023,3,hulkenberg,6,0,9
2023,3,leclerc,6,0,10
2023,3,bottas,4,0,11
2023,3,ocon,4,0,12
2023,3,piastri,4,0,13
2023,3,gasly,4,0,14
2023,3,zhou,2,0,15
2023,3,tsunoda,1,0,16
2023,3,kevin_magnussen,1,0,17
2023,3,albon,1,0,18
2023,3,sargeant,0,0,19
2023,3,de_vries,0,0,20
2023,4,max_verstappen,93,2,1
2023,4,perez,87,2,2
2023,4,alonso,60,0,3
2023,4,hamilton,48,0,4
2023,4,sainz,34,0,5
2023,4,leclerc,28,0,6
2023,4,russell,28,0,7
2023,4,stroll,27,0,8
2023,4,norris,10,0,9
2023,4,hulkenberg,6,0,10
2023,4,piastri,4,0,11
2023,4,bottas,4,0,12
2023,4,ocon,4,0,13
2023,4,gasly,4,0,14
2023,4,zhou,2,0,15
2023,4,tsunoda,2,0,16
2023,4,albon,1,0,17
2023,4,kevin_magnussen,1,0,18
2023,4,sargeant,0,0,19
2023,4,de_vries,0,0,20
2023,5,max_verstappen,119,3,1
2023,5,perez,105,2,2
2023,5,alonso,75,0,3
2023,5,hamilton,56,0,4
2023,5,sainz,44,0,5
2023,5,russell,40,0,6
2023,5,leclerc,34,0,7
2023,5,stroll,27,0,8
2023,5,norris,10,0,9
2023,5,gasly,8,0,10
2023,5,hulkenberg,6,0,11
2023,5,ocon,6,0,12
2023,5,bottas,4,0,13
2023,5,piastri,4,0,14
2023,5,zhou,2,0,15
2023,5,tsunoda,2,0,16
2023,5,kevin_magnussen,2,0,17
2023,5,albon,1,0,18
2023,5,sargeant,0,0,19
2023,5,de_vries,0,0,20
2023,6,max_verstappen,144,4,1
2023,6,perez,105,2,2
2023,6,alonso,93,0,3
2023,6,hamilton,69,0,4
2023,6,russell,50,0,5
2023,6,sainz,48,0,6
2023,6,leclerc,42,0,7
2023,6,stroll,27,0,8
2023,6,ocon,21,0,9
2023,6,gasly,14,0,10
2023,6,norris,12,0,11
2023,6,hulkenberg,6,0,12
2023,6,piastri,5,0,13
2023,6,bottas,4,0,14
2023,6,zhou,2,0,15
2023,6,tsunoda,2,0,16
2023,6,kevin_magnussen,2,0,17
2023,6,albon,1,0,18
2023,6,de_vries,0,0,19
2023,6,sargeant,0,0,20
2023,7,max_verstappen,170,5,1
2023,7,perez,117,2,2
2023,7,alonso,99,0,3
2023,7,hamilton,87,0,4
2023,7,russell,65,0,5
2023,7,sainz,58,0,6
2023,7,leclerc,42,0,7
2023,7,stroll,35,0,8
2023,7,ocon,25,0,9
2023,7,gasly,15,0,10
2023,7,norris,12,0,11
2023,7,hulkenberg,6,0,12
2023,7,piastri,5,0,13
2023,7,bottas,4,0,14
2023,7,zhou,4,0,15
2023,7,tsunoda,2,0,16
2023,7,kevin_magnussen,2,0,17
2023,7,albon,1,0,18
2023,7,de_vries,0,0,19
2023,7,sargeant,0,0,20
2023,8,max_verstappen,195,6,1
2023,8,perez,126,2,2
2023,8,alonso,117,0,3
2023,8,hamilton,102,0,4
2023,8,sainz,68,0,5
2023,8,russell,65,0,6
2023,8,leclerc,54,0,7
2023,8,stroll,37,0,8
2023,8,ocon,29,0,9
2023,8,gasly,15,0,10
2023,8,norris,12,0,11
2023,8,albon,7,0,12
2023,8,hulkenberg,6,0,13
2023,8,piastri,5,0,14
2023,8,bottas,5,0,15
2023,8,zhou,4,0,16
2023,8,tsunoda,2,0,17
2023,8,kevin_magnussen,2,0,18
2023,8,de_vries,0,0,19
2023,8,sargeant,0,0,20
2023,9,max_verstappen,229,7,1
2023,9,perez,148,2,2
2023,9,alonso,131,0,3
2023,9,hamilton,106,0,4
2023,9,sainz,82,0,5
2023,9,leclerc,72,0,6
2023,9,russell,72,0,7
2023,9,stroll,44,0,8
2023,9,ocon,31,0,9
2023,9,norris,24,0,10
2023,9,gasly,16,0,11
2023,9,hulkenberg,9,0,12
2023,9,albon,7,0,13
2023,9,piastri,5,0,14
2023,9,bottas,5,0,15
2023,9,zhou,4,0,16
2023,9,tsunoda,2,0,17
2023,9,kevin_magnussen,2,0,18
2023,9,sargeant,0,0,19
2023,9,de_vries,0,0,20
2023,10,max_verstappen,255,8,1
2023,10,perez,156,2,2
2023,10,alonso,137,0,3
2023,10,hamilton,121,0,4
2023,10,sainz,83,0,5
2023,10,russell,82,0,6
2023,10,leclerc,74,0,7
2023,10,stroll,44,0,8
2023,10,norris,42,0,9
2023,10,ocon,31,0,10
2023,10,piastri,17,0,11
2023,10,gasly,16,0,12
2023,10,albon,11,0,13
2023,10,hulkenberg,9,0,14
2023,10,bottas,5,0,15
2023,10,zhou,4,0,16
2023,10,tsunoda,2,0,17
2023,10,kevin_magnussen,2,0,18
2023,10,sargeant,0,0,19
2023,10,de_vries,0,0,20
2023,11,max_verstappen,281,9,1
2023,11,perez,171,2,2
2023,11,alonso,139,0,3
2023,11,hamilton,133,0,4
2023,11,russell,90,0,5
2023,11,sainz,87,0,6
2023,11,leclerc,80,0,7
2023,11,norris,60,0,8
2023,11,stroll,45,0,9
2023,11,ocon,31,0,10
2023,11,piastri,27,0,11
2023,11,gasly,16,0,12
2023,11,albon,11,0,13
2023,11,hulkenberg,9,0,14
2023,11,bottas,5,0,15
2023,11,zhou,4,0,16
2023,11,tsunoda,2,0,17
2023,11,kevin_magnussen,2,0,18
2023,11,sargeant,0,0,19
2023,11,de_vries,0,0,20
2023,11,ricciardo,0,0,21
2023,12,max_verstappen,314,10,1
2023,12,perez,189,2,2
2023,12,alonso,149,0,3
2023,12,hamilton,148,0,4
2023,12,leclerc,99,0,5
2023,12,russell,99,0,6
2023,12,sainz,92,0,7
2023,12,norris,69,0,8
2023,12,stroll,47,0,9
2023,12,ocon,35,0,10
2023,12,piastri,34,0,11
2023,12,gasly,22,0,12
2023,12,albon,11,0,13
2023,12,hulkenberg,9,0,14
2023,12,bottas,5,0,15
2023,12,zhou,4,0,16
2023,12,tsunoda,3,0,17
2023,12,kevin_magnussen,2,0,18
2023,12,sargeant,0,0,19
2023,12,de_vries,0,0,20
2023,12,ricciardo,0,0,21
2023,13,max_verstappen,339,11,1
2023,13,perez,201,2,2
2023,13,alonso,168,0,3
2023,13,hamilton,156,0,4
2023,13,sainz,102,0,5
2023,13,leclerc,99,0,6
2023,13,russell,99,0,7
2023,13,norris,75,0,8
2023,13,stroll,47,0,9
2023,13,gasly,37,0,10
2023,13,ocon,36,0,11
2023,13,piastri,36,0,12
2023,13,albon,15,0,13
2023,13,hulkenberg,9,0,14
2023,13,bottas,5,0,15
2023,13,zhou,4,0,16
2023,13,tsunoda,3,0,17
2023,13,kevin_magnussen,2,0,18
2023,13,sargeant,0,0,19
2023,13,de_vries,0,0,20
2023,13,ricciardo,0,0,21
2023,13,lawson,0,0,22
2023,14,max_verstappen,364,12,1
2023,14,perez,219,2,2
2023,14,alonso,170,0,3
2023,14,hamilton,164,0,4
2023,14,sainz,117,0,5
2023,14,leclerc,111,0,6
2023,14,russell,109,0,7
2023,14,norris,79,0,8
2023,14,stroll,47,0,9
2023,14,gasly,37,0,10
2023,14,ocon,36,0,11
2023,14,piastri,36,0,12
2023,14,albon,21,0,13
2023,14,hulkenberg,9,0,14
2023,14,bottas,6,0,15
2023,14,zhou,4,0,16
2023,14,tsunoda,3,0,17
2023,14,kevin_magnussen,2,0,18
2023,14,sargeant,0,0,19
2023,14,lawson,0,0,20
2023,14,de_vries,0,0,21
2023,14,ricciardo,0,0,22
2023,15,max_verstappen,374,12,1
2023,15,perez,223,2,2
2023,15,hamilton,180,0,3
2023,15,alonso,170,0,4
2023,15,sainz,142,1,5
2023,15,leclerc,123,0,6
2023,15,russell,109,0,7
2023,15,norris,97,0,8
2023,15,stroll,47,0,9
2023,15,gasly,45,0,10
2023,15,piastri,42,0,11
2023,15,ocon,36,0,12
2023,15,albon,21,0,13
2023,15,hulkenberg,9,0,14
2023,15,bottas,6,0,15
2023,15,zhou,4,0,16
2023,15,tsunoda,3,0,17
2023,15,kevin_magnussen,3,0,18
2023,15,lawson,2,0,19
2023,15,sargeant,0,0,20
2023,15,de_vries,0,0,21
2023,15,ricciardo,0,0,22
2023,16,max_verstappen,400,13,1
2023,16,perez,223,2,2
2023,16,hamilton,190,0,3
2023,16,alonso,174,0,4
2023,16,sainz,150,1,5
2023,16,leclerc,135,0,6
2023,16,norris,115,0,7
2023,16,russell,115,0,8
2023,16,piastri,57,0,9
2023,16,stroll,47,0,10
2023,16,gasly,46,0,11
2023,16,ocon,38,0,12
2023,16,albon,21,0,13
2023,16,hulkenberg,9,0,14
2023,16,bottas,6,0,15
2023,16,zhou,4,0,16
2023,16,tsunoda,3,0,17
2023,16,kevin_magnussen,3,0,18
2023,16,lawson,2,0,19
2023,16,sargeant,0,0,20
2023,16,de_vries,0,0,21
2023,16,ricciardo,0,0,22
2023,17,max_verstappen,433,14,1
2023,17,perez,224,2,2
2023,17,hamilton,194,0,3
2023,17,alonso,183,0,4
2023,17,sainz,153,1,5
2023,17,leclerc,145,0,6
2023,17,norris,136,0,7
2023,17,russell,132,0,8
2023,17,piastri,83,0,9
2023,17,stroll,47,0,10
2023,17,gasly,46,0,11
2023,17,ocon,44,0,12
2023,17,albon,23,0,13
2023,17,bottas,10,0,14
2023,17,hulkenberg,9,0,15
2023,17,zhou,6,0,16
2023,17,tsunoda,3,0,17
2023,17,kevin_magnussen,3,0,18
2023,17,lawson,2,0,19
2023,17,sargeant,0,0,20
2023,17,de_vries,0,0,21
2023,17,ricciardo,0,0,22
2023,18,max_verstappen,466,15,1
2023,18,perez,240,2,2
2023,18,hamilton,201,0,3
2023,18,alonso,183,0,4
2023,18,sainz,171,1,5
2023,18,norris,159,0,6
2023,18,leclerc,151,0,7
2023,18,russell,143,0,8
2023,18,piastri,83,0,9
2023,18,gasly,56,0,10
2023,18,stroll,53,0,11
2023,18,ocon,44,0,12
2023,18,albon,25,0,13
2023,18,bottas,10,0,14
2023,18,hulkenberg,9,0,15
2023,18,tsunoda,8,0,16
2023,18,zhou,6,0,17
2023,18,kevin_magnussen,3,0,18
2023,18,lawson,2,0,19
2023,18,sargeant,1,0,20
2023,18,de_vries,0,0,21
2023,18,ricciardo,0,0,22
2023,19,max_verstappen,491,16,1
2023,19,perez,240,2,2
2023,19,hamilton,220,0,3
2023,19,sainz,183,1,4
2023,19,alonso,183,0,5
2023,19,norris,169,0,6
2023,19,leclerc,166,0,7
2023,19,russell,151,0,8
2023,19,piastri,87,0,9
2023,19,gasly,56,0,10
2023,19,stroll,53,0,11
2023,19,ocon,45,0,12
2023,19,albon,27,0,13
2023,19,bottas,10,0,14
2023,19,hulkenberg,9,0,15
2023,19,tsunoda,8,0,16
2023,19,ricciardo,6,0,17
2023,19,zhou,6,0,18
2023,19,kevin_magnussen,3,0,19
2023,19,lawson,2,0,20
2023,19,sargeant,1,0,21
2023,19,de_vries,0,0,22
2023,20,max_verstappen,524,17,1
2023,20,perez,258,2,2
2023,20,hamilton,226,0,3
2023,20,alonso,198,0,4
2023,20,norris,195,0,5
2023,20,sainz,192,1,6
2023,20,leclerc,170,0,7
2023,20,russell,156,0,8
2023,20,piastri,87,0,9
2023,20,stroll,63,0,10
2023,20,gasly,62,0,11
2023,20,ocon,46,0,12
2023,20,albon,27,0,13
2023,20,tsunoda,13,0,14
2023,20,bottas,10,0,15
2023,20,hulkenberg,9,0,16
2023,20,ricciardo,6,0,17
2023,20,zhou,6,0,18
2023,20,kevin_magnussen,3,0,19
2023,20,lawson,2,0,20
2023,20,sargeant,1,0,21
2023,20,de_vries,0,0,22
2023,21,max_verstappen,549,18,1
2023,21,perez,273,2,2
2023,21,hamilton,232,0,3
2023,21,sainz,200,1,4
2023,21,alonso,200,0,5
2023,21,norris,195,0,6
2023,21,leclerc,188,0,7
2023,21,russell,160,0,8
2023,21,piastri,89,0,9
2023,21,stroll,73,0,10
2023,21,gasly,62,0,11
2023,21,ocon,58,0,12
2023,21,albon,27,0,13
2023,21,tsunoda,13,0,14
2023,21,bottas,10,0,15
2023,21,hulkenberg,9,0,16
2023,21,ricciardo,6,0,17
2023,21,zhou,6,0,18
2023,21,kevin_magnussen,3,0,19
2023,21,lawson,2,0,20
2023,21,sargeant,1,0,21
2023,21,de_vries,0,0,22
2023,22,max_verstappen,575,19,1
2023,22,perez,285,2,2
2023,22,hamilton,234,0,3
2023,22,alonso,206,0,4
2023,22,leclerc,206,0,5
2023,22,norris,205,0,6
2023,22,sainz,200,1,7
2023,22,russell,175,0,8
2023,22,piastri,97,0,9
2023,22,stroll,74,0,10
2023,22,gasly,62,0,11
2023,22,ocon,58,0,12
2023,22,albon,27,0,13
2023,22,tsunoda,17,0,14
2023,22,bottas,10,0,15
2023,22,hulkenberg,9,0,16
2023,22,ricciardo,6,0,17
2023,22,zhou,6,0,18
2023,22,kevin_magnussen,3,0,19
2023,22,lawson,2,0,20
2023,22,sargeant,1,0,21
2023,22,de_vries,0,0,22
2024,1,max_verstappen,26,1,1
2024,1,perez,18,0,2
2024,1,sainz,15,0,3
2024,1,leclerc,12,0,4
2024,1,russell,10,0,5
2024,1,norris,8,0,6
2024,1,hamilton,6,0,7
2024,1,piastri,4,0,8
2024,1,alonso,2,0,9
2024,1,stroll,1,0,10
2024,1,zhou,0,0,11
2024,1,kevin_magnussen,0,0,12
2024,1,ricciardo,0,0,13
2024,1,tsunoda,0,0,14
2024,1,albon,0,0,15
2024,1,hulkenberg,0,0,16
2024,1,ocon,0,0,17
2024,1,gasly,0,0,18
2024,1,bottas,0,0,19
2024,1,sargeant,0,0,20
2024,2,max_verstappen,51,2,1
2024,2,perez,36,0,2
2024,2,leclerc,28,0,3
2024,2,russell,18,0,4
2024,2,piastri,16,0,5
2024,2,sainz,15,0,6
2024,2,alonso,12,0,7
2024,2,norris,12,0,8
2024,2,hamilton,8,0,9
2024,2,bearman,6,0,10
2024,2,hulkenberg,1,0,11
2024,2,stroll,1,0,12
2024,2,albon,0,0,13
2024,2,zhou,0,0,14
2024,2,kevin_magnussen,0,0,15
2024,2,ricciardo,0,0,16
2024,2,ocon,0,0,17
2024,2,tsunoda,0,0,18
2024,2,sargeant,0,0,19
2024,2,bottas,0,0,20
2024,2,gasly,0,0,21
2024,3,max_verstappen,51,2,1
2024,3,leclerc,47,0,2
2024,3,perez,46,0,3
2024,3,sainz,40,1,4
2024,3,piastri,28,0,5
2024,3,norris,27,0,6
2024,3,russell,18,0,7
2024,3,alonso,16,0,8
2024,3,stroll,9,0,9
2024,3,hamilton,8,0,10
2024,3,tsunoda,6,0,11
2024,3,bearman,6,0,12
2024,3,hulkenberg,3,0,13
2024,3,kevin_magnussen,1,0,14
2024,3,albon,0,0,15
2024,3,zhou,0,0,16
2024,3,ricciardo,0,0,17
2024,3,ocon,0,0,18
2024,3,gasly,0,0,19
2024,3,bottas,0,0,20
2024,3,sargeant,0,0,21
2024,4,max_verstappen,77,3,1
2024,4,perez,64,0,2
2024,4,leclerc,59,0,3
2024,4,sainz,55,1,4
2024,4,norris,37,0,5
2024,4,piastri,32,0,6
2024,4,russell,24,0,7
2024,4,alonso,24,0,8
2024,4,hamilton,10,0,9
2024,4,stroll,9,0,10
2024,4,tsunoda,7,0,11
2024,4,bearman,6,0,12
2024,4,hulkenberg,3,0,13
2024,4,kevin_magnussen,1,0,14
2024,4,albon,0,0,15
2024,4,zhou,0,0,16
2024,4,ricciardo,0,0,17
2024,4,ocon,0,0,18
2024,4,gasly,0,0,19
2024,4,bottas,0,0,20
2024,4,sargeant,0,0,21
2024,5,max_verstappen,110,4,1
2024,5,perez,85,0,2
2024,5,leclerc,76,0,3
2024,5,sainz,69,1,4
2024,5,norris,58,0,5
2024,5,piastri,38,0,6
2024,5,russell,33,0,7
2024,5,alonso,31,0,8
2024,5,hamilton,19,0,9
2024,5,stroll,9,0,10
2024,5,tsunoda,7,0,11
2024,5,bearman,6,0,12
2024,5,hulkenberg,4,0,13
2024,5,kevin_magnussen,1,0,14
2024,5,albon,0,0,15
2024,5,ocon,0,0,16
2024,5,zhou,0,0,17
2024,5,ricciardo,0,0,18
2024,5,gasly,0,0,19
2024,5,bottas,0,0,20
2024,5,sargeant,0,0,21
2024,6,max_verstappen,136,4,1
2024,6,perez,103,0,2
2024,6,leclerc,98,0,3
2024,6,norris,83,1,4
2024,6,sainz,83,1,5
2024,6,piastri,41,0,6
2024,6,russell,37,0,7
2024,6,alonso,33,0,8
2024,6,hamilton,27,0,9
2024,6,tsunoda,14,0,10
2024,6,stroll,9,0,11
2024,6,bearman,6,0,12
2024,6,hulkenberg,6,0,13
2024,6,ricciardo,5,0,14
2024,6,ocon,1,0,15
2024,6,kevin_magnussen,1,0,16
2024,6,albon,0,0,17
2024,6,zhou,0,0,18
2024,6,gasly,0,0,19
2024,6,bottas,0,0,20
2024,6,sargeant,0,0,21
2024,7,max_verstappen,161,5,1
2024,7,leclerc,113,0,2
2024,7,perez,107,0,3
2024,7,norris,101,1,4
2024,7,sainz,93,1,5
2024,7,piastri,53,0,6
2024,7,russell,44,0,7
2024,7,hamilton,35,0,8
2024,7,alonso,33,0,9
2024,7,tsunoda,15,0,10
2024,7,stroll,11,0,11
2024,7,bearman,6,0,12
2024,7,hulkenberg,6,0,13
2024,7,ricciardo,5,0,14
2024,7,ocon,1,0,15
2024,7,kevin_magnussen,1,0,16
2024,7,albon,0,0,17
2024,7,zhou,0,0,18
2024,7,gasly,0,0,19
2024,7,bottas,0,0,20
2024,7,sargeant,0,0,21
2024,8,max_verstappen,169,5,1
2024,8,leclerc,138,1,2
2024,8,norris,113,1,3
2024,8,sainz,108,1,4
2024,8,perez,107,0,5
2024,8,piastri,71,0,6
2024,8,russell,54,0,7
2024,8,hamilton,42,0,8
2024,8,alonso,33,0,9
2024,8,tsunoda,19,0,10
2024,8,stroll,11,0,11
2024,8,bearman,6,0,12
2024,8,hulkenberg,6,0,13
2024,8,ricciardo,5,0,14
2024,8,albon,2,0,15
2024,8,ocon,1,0,16
2024,8,kevin_magnussen,1,0,17
2024,8,gasly,1,0,18
2024,8,zhou,0,0,19
2024,8,bottas,0,0,20
2024,8,sargeant,0,0,21
2024,9,max_verstappen,194,6,1
2024,9,leclerc,138,1,2
2024,9,norris,131,1,3
2024,9,sainz,108,1,4
2024,9,perez,107,0,5
2024,9,piastri,81,0,6
2024,9,russell,69,0,7
2024,9,hamilton,55,0,8
2024,9,alonso,41,0,9
2024,9,tsunoda,19,0,10
2024,9,stroll,17,0,11
2024,9,ricciardo,9,0,12
2024,9,bearman,6,0,13
2024,9,hulkenberg,6,0,14
2024,9,gasly,3,0,15
2024,9,albon,2,0,16
2024,9,ocon,2,0,17
2024,9,kevin_magnussen,1,0,18
2024,9,zhou,0,0,19
2024,9,bottas,0,0,20
2024,9,sargeant,0,0,21
2024,10,max_verstappen,219,7,1
2024,10,norris,150,1,2
2024,10,leclerc,148,1,3
2024,10,sainz,116,1,4
2024,10,perez,111,0,5
2024,10,piastri,87,0,6
2024,10,russell,81,0,7
2024,10,hamilton,70,0,8
2024,10,alonso,41,0,9
2024,10,tsunoda,19,0,10
2024,10,stroll,17,0,11
2024,10,ricciardo,9,0,12
2024,10,bearman,6,0,13
2024,10,hulkenberg,6,0,14
2024,10,gasly,5,0,15
2024,10,ocon,3,0,16
2024,10,albon,2,0,17
2024,10,kevin_magnussen,1,0,18
2024,10,zhou,0,0,19
2024,10,bottas,0,0,20
2024,10,sargeant,0,0,21
2024,11,max_verstappen,237,7,1
2024,11,norris,156,1,2
2024,11,leclerc,150,1,3
2024,11,sainz,135,1,4
2024,11,perez,118,0,5
2024,11,piastri,112,0,6
2024,11,russell,111,1,7
2024,11,hamilton,85,0,8
2024,11,alonso,41,0,9
2024,11,tsunoda,19,0,10
2024,11,stroll,17,0,11
2024,11,hulkenberg,14,0,12
2024,11,ricciardo,11,0,13
2024,11,bearman,6,0,14
2024,11,gasly,6,0,15
2024,11,kevin_magnussen,5,0,16
2024,11,ocon,3,0,17
2024,11,albon,2,0,18
2024,11,zhou,0,0,19
2024,11,bottas,0,0,20
2024,11,sargeant,0,0,21
2024,12,max_verstappen,255,7,1
2024,12,norris,171,1,2
2024,12,leclerc,150,1,3
2024,12,sainz,146,1,4
2024,12,piastri,124,0,5
2024,12,perez,118,0,6
2024,12,russell,111,1,7
2024,12,hamilton,110,1,8
2024,12,alonso,45,0,9
2024,12,stroll,23,0,10
2024,12,hulkenberg,22,0,11
2024,12,tsunoda,20,0,12
2024,12,ricciardo,11,0,13
2024,12,bearman,6,0,14
2024,12,gasly,6,0,15
2024,12,kevin_magnussen,5,0,16
2024,12,albon,4,0,17
2024,12,ocon,3,0,18
2024,12,zhou,0,0,19
2024,12,sargeant,0,0,20
2024,12,bottas,0,0,21
2024,13,max_verstappen,265,7,1
2024,13,norris,189,1,2
2024,13,leclerc,162,1,3
2024,13,sainz,154,1,4
2024,13,piastri,149,1,5
2024,13,hamilton,125,1,6
2024,13,perez,124,0,7
2024,13,russell,116,1,8
2024,13,alonso,45,0,9
2024,13,stroll,24,0,10
2024,13,hulkenberg,22,0,11
2024,13,tsunoda,22,0,12
2024,13,ricciardo,11,0,13
2024,13,bearman,6,0,14
2024,13,gasly,6,0,15
2024,13,kevin_magnussen,5,0,16
2024,13,albon,4,0,17
2024,13,ocon,3,0,18
2024,13,zhou,0,0,19
2024,13,sargeant,0,0,20
2024,13,bottas,0,0,21
2024,14,max_verstappen,277,7,1
2024,14,norris,199,1,2
2024,14,leclerc,177,1,3
2024,14,piastri,167,1,4
2024,14,sainz,162,1,5
2024,14,hamilton,150,2,6
2024,14,perez,131,0,7
2024,14,russell,116,1,8
2024,14,alonso,49,0,9
2024,14,stroll,24,0,10
2024,14,hulkenberg,22,0,11
2024,14,tsunoda,22,0,12
2024,14,ricciardo,12,0,13
2024,14,bearman,6,0,14
2024,14,gasly,6,0,15
2024,14,kevin_magnussen,5,0,16
2024,14,ocon,5,0,17
2024,14,albon,4,0,18
2024,14,zhou,0,0,19
2024,14,sargeant,0,0,20
2024,14,bottas,0,0,21
2024,15,max_verstappen,295,7,1
2024,15,norris,225,2,2
2024,15,leclerc,192,1,3
2024,15,piastri,179,1,4
2024,15,sainz,172,1,5
2024,15,hamilton,154,2,6
2024,15,perez,139,0,7
2024,15,russell,122,1,8
2024,15,alonso,50,0,9
2024,15,stroll,24,0,10
2024,15,hulkenberg,22,0,11
2024,15,tsunoda,22,0,12
2024,15,ricciardo,12,0,13
2024,15,gasly,8,0,14
2024,15,bearman,6,0,15
2024,15,kevin_magnussen,5,0,16
2024,15,ocon,5,0,17
2024,15,albon,4,0,18
2024,15,zhou,0,0,19
2024,15,sargeant,0,0,20
2024,15,bottas,0,0,21
2024,16,max_verstappen,303,7,1
2024,16,norris,241,2,2
2024,16,leclerc,217,2,3
2024,16,piastri,197,1,4
2024,16,sainz,184,1,5
2024,16,hamilton,164,2,6
2024,16,perez,143,0,7
2024,16,russell,128,1,8
2024,16,alonso,50,0,9
2024,16,stroll,24,0,10
2024,16,hulkenberg,22,0,11
2024,16,tsunoda,22,0,12
2024,16,ricciardo,12,0,13
2024,16,gasly,8,0,14
2024,16,bearman,6,0,15
2024,16,kevin_magnussen,6,0,16
2024,16,albon,6,0,17
2024,16,ocon,5,0,18
2024,16,zhou,0,0,19
2024,16,sargeant,0,0,20
2024,16,colapinto,0,0,21
2024,16,bottas,0,0,22
2024,17,max_verstappen,313,7,1
2024,17,norris,254,2,2
2024,17,leclerc,235,2,3
2024,17,piastri,222,2,4
2024,17,sainz,184,1,5
2024,17,hamilton,166,2,6
2024,17,russell,143,1,7
2024,17,perez,143,0,8
2024,17,alonso,58,0,9
2024,17,stroll,24,0,10
2024,17,hulkenberg,22,0,11
2024,17,tsunoda,22,0,12
2024,17,albon,12,0,13
2024,17,ricciardo,12,0,14
2024,17,gasly,8,0,15
2024,17,bearman,7,0,16
2024,17,kevin_magnussen,6,0,17
2024,17,ocon,5,0,18
2024,17,colapinto,4,0,19
2024,17,zhou,0,0,20
2024,17,sargeant,0,0,21
2024,17,bottas,0,0,22
2024,18,max_verstappen,331,7,1
2024,18,norris,279,3,2
2024,18,leclerc,245,2,3
2024,18,piastri,237,2,4
2024,18,sainz,190,1,5
2024,18,hamilton,174,2,6
2024,18,russell,155,1,7
2024,18,perez,144,0,8
2024,18,alonso,62,0,9
2024,18,hulkenberg,24,0,10
2024,18,stroll,24,0,11
2024,18,tsunoda,22,0,12
2024,18,albon,12,0,13
2024,18,ricciardo,12,0,14
2024,18,gasly,8,0,15
2024,18,bearman,7,0,16
2024,18,kevin_magnussen,6,0,17
2024,18,ocon,5,0,18
2024,18,colapinto,4,0,19
2024,18,zhou,0,0,20
2024,18,sargeant,0,0,21
2024,18,bottas,0,0,22
2024,19,max_verstappen,354,7,1
2024,19,norris,297,3,2
2024,19,leclerc,275,3,3
2024,19,piastri,247,2,4
2024,19,sainz,215,1,5
2024,19,hamilton,177,2,6
2024,19,russell,167,1,7
2024,19,perez,150,0,8
2024,19,alonso,62,0,9
2024,19,hulkenberg,29,0,10
2024,19,stroll,24,0,11
2024,19,tsunoda,22,0,12
2024,19,albon,12,0,13
2024,19,ricciardo,12,0,14
2024,19,kevin_magnussen,8,0,15
2024,19,gasly,8,0,16
2024,19,bearman,7,0,17
2024,19,colapinto,5,0,18
2024,19,ocon,5,0,19
2024,19,lawson,2,0,20
2024,19,zhou,0,0,21
2024,19,sargeant,0,0,22
2024,19,bottas,0,0,23
2024,20,max_verstappen,362,7,1
2024,20,norris,315,3,2
2024,20,leclerc,291,3,3
2024,20,piastri,251,2,4
2024,20,sainz,240,2,5
2024,20,hamilton,189,2,6
2024,20,russell,177,1,7
2024,20,perez,150,0,8
2024,20,alonso,62,0,9
2024,20,hulkenberg,31,0,10
2024,20,stroll,24,0,11
2024,20,tsunoda,22,0,12
2024,20,kevin_magnussen,14,0,13
2024,20,albon,12,0,14
2024,20,ricciardo,12,0,15
2024,20,gasly,9,0,16
2024,20,bearman,7,0,17
2024,20,colapinto,5,0,18
2024,20,ocon,5,0,19
2024,20,lawson,2,0,20
2024,20,zhou,0,0,21
2024,20,sargeant,0,0,22
2024,20,bottas,0,0,23
2024,21,max_verstappen,393,8,1
2024,21,norris,331,3,2
2024,21,leclerc,307,3,3
2024,21,piastri,262,2,4
2024,21,sainz,244,2,5
2024,21,russell,192,1,6
2024,21,hamilton,190,2,7
2024,21,perez,151,0,8
2024,21,alonso,62,0,9
2024,21,hulkenberg,31,0,10
2024,21,tsunoda,28,0,11
2024,21,gasly,26,0,12
2024,21,stroll,24,0,13
2024,21,ocon,23,0,14
2024,21,kevin_magnussen,14,0,15
2024,21,albon,12,0,16
2024,21,ricciardo,12,0,17
2024,21,bearman,7,0,18
2024,21,colapinto,5,0,19
2024,21,lawson,4,0,20
2024,21,zhou,0,0,21
2024,21,sargeant,0,0,22
2024,21,bottas,0,0,23
2024,22,max_verstappen,403,8,1
2024,22,norris,340,3,2
2024,22,leclerc,319,3,3
2024,22,piastri,268,2,4
2024,22,sainz,259,2,5
2024,22,russell,217,2,6
2024,22,hamilton,208,2,7
2024,22,perez,152,0,8
2024,22,alonso,62,0,9
2024,22,hulkenberg,35,0,10
2024,22,tsunoda,30,0,11
2024,22,gasly,26,0,12
2024,22,stroll,24,0,13
2024,22,ocon,23,0,14
2024,22,kevin_magnussen,14,0,15
2024,22,albon,12,0,16
2024,22,ricciardo,12,0,17
2024,22,bearman,7,0,18
2024,22,colapinto,5,0,19
2024,22,lawson,4,0,20
2024,22,zhou,0,0,21
2024,22,sargeant,0,0,22
2024,22,bottas,0,0,23
2024,23,max_verstappen,429,9,1
2024,23,norris,349,3,2
2024,23,leclerc,341,3,3
2024,23,piastri,291,2,4
2024,23,sainz,272,2,5
2024,23,russell,235,2,6
2024,23,hamilton,211,2,7
2024,23,perez,152,0,8
2024,23,alonso,68,0,9
2024,23,hulkenberg,37,0,10
2024,23,gasly,36,0,11
2024,23,tsunoda,30,0,12
2024,23,stroll,24,0,13
2024,23,ocon,23,0,14
2024,23,kevin_magnussen,16,0,15
2024,23,albon,12,0,16
2024,23,ricciardo,12,0,17
2024,23,bearman,7,0,18
2024,23,colapinto,5,0,19
2024,23,zhou,4,0,20
2024,23,lawson,4,0,21
2024,23,bottas,0,0,22
2024,23,sargeant,0,0,23
2024,24,max_verstappen,437,9,1
2024,24,norris,374,4,2
2024,24,leclerc,356,3,3
2024,24,piastri,292,2,4
2024,24,sainz,290,2,5
2024,24,russell,245,2,6
2024,24,hamilton,223,2,7
2024,24,perez,152,0,8
2024,24,alonso,70,0,9
2024,24,gasly,42,0,10
2024,24,hulkenberg,41,0,11
2024,24,tsunoda,30,0,12
2024,24,stroll,24,0,13
2024,24,ocon,23,0,14
2024,24,kevin_magnussen,16,0,15
2024,24,albon,12,0,16
2024,24,ricciardo,12,0,17
2024,24,bearman,7,0,18
2024,24,colapinto,5,0,19
2024,24,zhou,4,0,20
2024,24,lawson,4,0,21
2024,24,bottas,0,0,22
2024,24,sargeant,0,0,23
2024,24,doohan,0,0,24
2025,1,norris,25,1,1
2025,1,max_verstappen,18,0,2
2025,1,russell,15,0,3
2025,1,antonelli,12,0,4
2025,1,albon,10,0,5
2025,1,stroll,8,0,6
2025,1,hulkenberg,6,0,7
2025,1,leclerc,4,0,8
2025,1,piastri,2,0,9
2025,1,hamilton,1,0,10
2025,1,gasly,0,0,11
2025,1,tsunoda,0,0,12
2025,1,ocon,0,0,13
2025,1,bearman,0,0,14
2025,1,lawson,0,0,-
2025,1,bortoleto,0,0,-
2025,1,alonso,0,0,-
2025,1,sainz,0,0,-
2025,1,doohan,0,0,-
2025,1,hadjar,0,0,-
2025,2,norris,44,1,1
2025,2,max_verstappen,36,0,2
2025,2,russell,35,0,3
2025,2,piastri,34,1,4
2025,2,antonelli,22,0,5
2025,2,albon,16,0,6
2025,2,ocon,10,0,7
2025,2,stroll,10,0,8
2025,2,hamilton,9,0,9
2025,2,leclerc,8,0,10
2025,2,hulkenberg,6,0,11
2025,2,bearman,4,0,12
2025,2,tsunoda,3,0,13
2025,2,sainz,1,0,14
2025,2,gasly,0,0,15
2025,2,hadjar,0,0,16
2025,2,lawson,0,0,17
2025,2,doohan,0,0,18
2025,2,bortoleto,0,0,19
2025,2,alonso,0,0,-
2025,3,norris,62,1,1
2025,3,max_verstappen,61,1,2
2025,3,piastri,49,1,3
2025,3,russell,45,0,4
2025,3,antonelli,30,0,5
2025,3,leclerc,20,0,6
2025,3,albon,18,0,7
2025,3,hamilton,15,0,8
2025,3,ocon,10,0,9
2025,3,stroll,10,0,10
2025,3,hulkenberg,6,0,11
2025,3,bearman,5,0,12
2025,3,hadjar,4,0,13
2025,3,tsunoda,3,0,14
2025,3,sainz,1,0,15
2025,3,gasly,0,0,16
2025,3,alonso,0,0,17
2025,3,lawson,0,0,18
2025,3,doohan,0,0,19
2025,3,bortoleto,0,0,20
2025,4,norris,77,1,1
2025,4,piastri,74,2,2
2025,4,max_verstappen,69,1,3
2025,4,russell,63,0,4
2025,4,leclerc,32,0,5
2025,4,antonelli,30,0,6
2025,4,hamilton,25,0,7
2025,4,albon,18,0,8
2025,4,ocon,14,0,9
2025,4,stroll,10,0,10
2025,4,gasly,6,0,11
2025,4,hulkenberg,6,0,12
2025,4,bearman,6,0,13
2025,4,tsunoda,5,0,14
2025,4,hadjar,4,0,15
2025,4,sainz,1,0,16
2025,4,alonso,0,0,17
2025,4,lawson,0,0,18
2025,4,doohan,0,0,19
2025,4,bortoleto,0,0,20
2025,5,piastri,99,3,1
2025,5,norris,89,1,2
2025,5,max_verstappen,87,1,3
2025,5,russell,73,0,4
2025,5,leclerc,47,0,5
2025,5,antonelli,38,0,6
2025,5,hamilton,31,0,7
2025,5,albon,20,0,8
2025,5,ocon,14,0,9
2025,5,stroll,10,0,10
2025,5,gasly,6,0,11
2025,5,hulkenberg,6,0,12
2025,5,bearman,6,0,13
2025,5,hadjar,5,0,14
2025,5,sainz,5,0,15
2025,5,tsunoda,5,0,16
2025,5,alonso,0,0,17
2025,5,lawson,0,0,18
2025,5,doohan,0,0,19
2025,5,bortoleto,0,0,20
2025,6,piastri,131,4,1
2025,6,norris,115,1,2
2025,6,max_verstappen,99,1,3
2025,6,russell,93,0,4
2025,6,leclerc,53,0,5
2025,6,antonelli,48,0,6
2025,6,hamilton,41,0,7
2025,6,albon,30,0,8
2025,6,ocon,14,0,9
2025,6,stroll,14,0,10
2025,6,tsunoda,9,0,11
2025,6,gasly,7,0,12
2025,6,sainz,7,0,13
2025,6,hulkenberg,6,0,14
2025,6,bearman,6,0,15
2025,6,hadjar,5,0,16
2025,6,alonso,0,0,17
2025,6,lawson,0,0,18
2025,6,doohan,0,0,19
2025,6,bortoleto,0,0,20
2025,7,piastri,146,4,1
2025,7,norris,133,1,2
2025,7,max_verstappen,124,2,3
2025,7,russell,99,0,4
2025,7,leclerc,61,0,5
2025,7,hamilton,53,0,6
2025,7,antonelli,48,0,7
2025,7,albon,40,0,8
2025,7,ocon,14,0,9
2025,7,stroll,14,0,10
2025,7,sainz,11,0,11
2025,7,tsunoda,10,0,12
2025,7,gasly,7,0,13
2025,7,hadjar,7,0,14
2025,7,hulkenberg,6,0,15
2025,7,bearman,6,0,16
2025,7,alonso,0,0,17
2025,7,lawson,0,0,18
2025,7,doohan,0,0,19
2025,7,bortoleto,0,0,20
2025,7,colapinto,0,0,21
2025,8,piastri,161,4,1
2025,8,norris,158,2,2
2025,8,max_verstappen,136,2,3
2025,8,russell,99,0,4
2025,8,leclerc,79,0,5
2025,8,hamilton,63,0,6
2025,8,antonelli,48,0,7
2025,8,albon,42,0,8
2025,8,ocon,20,0,9
2025,8,hadjar,15,0,10
2025,8,stroll,14,0,11
2025,8,sainz,12,0,12
2025,8,tsunoda,10,0,13
2025,8,gasly,7,0,14
2025,8,hulkenberg,6,0,15
2025,8,bearman,6,0,16
2025,8,lawson,4,0,17
2025,8,alonso,0,0,18
2025,8,doohan,0,0,19
2025,8,colapinto,0,0,20
2025,8,bortoleto,0,0,21
2025,9,piastri,186,5,1
2025,9,norris,176,2,2
2025,9,max_verstappen,137,2,3
2025,9,russell,111,0,4
2025,9,leclerc,94,0,5
2025,9,hamilton,71,0,6
2025,9,antonelli,48,0,7
2025,9,albon,42,0,8
2025,9,hadjar,21,0,9
2025,9,ocon,20,0,10
2025,9,hulkenberg,16,0,11
2025,9,stroll,14,0,12
2025,9,sainz,12,0,13
2025,9,gasly,11,0,14
2025,9,tsunoda,10,0,15
2025,9,bearman,6,0,16
2025,9,lawson,4,0,17
2025,9,alonso,2,0,18
2025,9,bortoleto,0,0,19
2025,9,doohan,0,0,20
2025,9,colapinto,0,0,21
2025,10,piastri,198,5,1
2025,10,norris,176,2,2
2025,10,max_verstappen,155,2,3
2025,10,russell,136,1,4
2025,10,leclerc,104,0,5
2025,10,hamilton,79,0,6
2025,10,antonelli,63,0,7
2025,10,albon,42,0,8
2025,10,ocon,22,0,9
2025,10,hadjar,21,0,10
2025,10,hulkenberg,20,0,11
2025,10,stroll,14,0,12
2025,10,sainz,13,0,13
2025,10,gasly,11,0,14
2025,10,tsunoda,10,0,15
2025,10,alonso,8,0,16
2025,10,bearman,6,0,17
2025,10,lawson,4,0,18
2025,10,bortoleto,0,0,19
2025,10,colapinto,0,0,20
2025,10,doohan,0,0,21
2025,11,piastri,216,5,1
2025,11,norris,201,3,2
2025,11,max_verstappen,155,2,3
2025,11,russell,146,1,4
2025,11,leclerc,119,0,5
2025,11,hamilton,91,0,6
2025,11,antonelli,63,0,7
2025,11,albon,42,0,8
2025,11,ocon,23,0,9
2025,11,hulkenberg,22,0,10
2025,11,hadjar,21,0,11
2025,11,stroll,14,0,12
2025,11,alonso,14,0,13
2025,11,sainz,13,0,14
2025,11,lawson,12,0,15
2025,11,gasly,11,0,16
2025,11,tsunoda,10,0,17
2025,11,bearman,6,0,18
2025,11,bortoleto,4,0,19
2025,11,colapinto,0,0,20
2025,11,doohan,0,0,21
2025,12,piastri,234,5,1
2025,12,norris,226,4,2
2025,12,max_verstappen,165,2,3
2025,12,russell,147,1,4
2025,12,leclerc,119,0,5
2025,12,hamilton,103,0,6
2025,12,antonelli,63,0,7
2025,12,albon,46,0,8
2025,12,hulkenberg,37,0,9
2025,12,ocon,23,0,10
2025,12,hadjar,21,0,11
2025,12,stroll,20,0,12
2025,12,gasly,19,0,13
2025,12,alonso,16,0,14
2025,12,sainz,13,0,15
2025,12,lawson,12,0,16
2025,12,tsunoda,10,0,17
2025,12,bearman,6,0,18
2025,12,bortoleto,4,0,19
2025,12,colapinto,0,0,20
2025,12,doohan,0,0,21
2025,13,piastri,266,6,1
2025,13,norris,250,4,2
2025,13,max_verstappen,185,2,3
2025,13,russell,157,1,4
2025,13,leclerc,139,0,5
2025,13,hamilton,109,0,6
2025,13,antonelli,63,0,7
2025,13,albon,54,0,8
2025,13,hulkenberg,37,0,9
2025,13,ocon,27,0,10
2025,13,hadjar,22,0,11
2025,13,gasly,20,0,12
2025,13,stroll,20,0,13
2025,13,lawson,16,0,14
2025,13,alonso,16,0,15
2025,13,sainz,16,0,16
2025,13,tsunoda,10,0,17
2025,13,bearman,8,0,18
2025,13,bortoleto,6,0,19
2025,13,colapinto,0,0,20
2025,13,doohan,0,0,21
2025,14,piastri,284,6,1
2025,14,norris,275,5,2
2025,14,max_verstappen,187,2,3
2025,14,russell,172,1,4
2025,14,leclerc,151,0,5
2025,14,hamilton,109,0,6
2025,14,antonelli,64,0,7
2025,14,albon,54,0,8
2025,14,hulkenberg,37,0,9
2025,14,ocon,27,0,10
2025,14,alonso,26,0,11
2025,14,stroll,26,0,12
2025,14,hadjar,22,0,13
2025,14,gasly,20,0,14
2025,14,lawson,20,0,15
2025,14,sainz,16,0,16
2025,14,bortoleto,14,0,17
2025,14,tsunoda,10,0,18
2025,14,bearman,8,0,19
2025,14,colapinto,0,0,20
2025,14,doohan,0,0,21
2025,15,piastri,309,7,1
2025,15,norris,275,5,2
2025,15,max_verstappen,205,2,3
2025,15,russell,184,1,4
2025,15,leclerc,151,0,5
2025,15,hamilton,109,0,6
2025,15,antonelli,64,0,7
2025,15,albon,64,0,8
2025,15,hulkenberg,37,0,9
2025,15,hadjar,37,0,10
2025,15,stroll,32,0,11
2025,15,alonso,30,0,12
2025,15,ocon,28,0,13
2025,15,gasly,20,0,14
2025,15,lawson,20,0,15
2025,15,bearman,16,0,16
2025,15,sainz,16,0,17
2025,15,bortoleto,14,0,18
2025,15,tsunoda,12,0,19
2025,15,colapinto,0,0,20
2025,15,doohan,0,0,21
2025,16,piastri,324,7,1
2025,16,norris,293,5,2
2025,16,max_verstappen,230,3,3
2025,16,russell,194,1,4
2025,16,leclerc,163,0,5
2025,16,hamilton,117,0,6
2025,16,albon,70,0,7
2025,16,antonelli,66,0,8
2025,16,hadjar,38,0,9
2025,16,hulkenberg,37,0,10
2025,16,stroll,32,0,11
2025,16,alonso,30,0,12
2025,16,ocon,28,0,13
2025,16,gasly,20,0,14
2025,16,lawson,20,0,15
2025,16,bortoleto,18,0,16
2025,16,bearman,16,0,17
2025,16,sainz,16,0,18
2025,16,tsunoda,12,0,19
2025,16,colapinto,0,0,20
2025,16,doohan,0,0,21
2025,17,piastri,324,7,1
2025,17,norris,299,5,2
2025,17,max_verstappen,255,4,3
2025,17,russell,212,1,4
2025,17,leclerc,165,0,5
2025,17,hamilton,121,0,6
2025,17,antonelli,78,0,7
2025,17,albon,70,0,8
2025,17,hadjar,39,0,9
2025,17,hulkenberg,37,0,10
2025,17,stroll,32,0,11
2025,17,sainz,31,0,12
2025,17,lawson,30,0,13
2025,17,alonso,30,0,14
2025,17,ocon,28,0,15
2025,17,gasly,20,0,16
2025,17,tsunoda,20,0,17
2025,17,bortoleto,18,0,18
2025,17,bearman,16,0,19
2025,17,colapinto,0,0,20
2025,17,doohan,0,0,21
2025,18,piastri,336,7,1
2025,18,norris,314,5,2
2025,18,max_verstappen,273,4,3
2025,18,russell,237,2,4
2025,18,leclerc,173,0,5
2025,18,hamilton,125,0,6
2025,18,antonelli,88,0,7
2025,18,albon,70,0,8
2025,18,hadjar,39,0,9
2025,18,hulkenberg,37,0,10
2025,18,alonso,36,0,11
2025,18,sainz,32,0,12
2025,18,stroll,32,0,13
2025,18,lawson,30,0,14
2025,18,ocon,28,0,15
2025,18,gasly,20,0,16
2025,18,tsunoda,20,0,17
2025,18,bortoleto,18,0,18
2025,18,bearman,18,0,19
2025,18,colapinto,0,0,20
2025,18,doohan,0,0,21
2025,19,piastri,346,7,1
2025,19,norris,332,5,2
2025,19,max_verstappen,306,5,3
2025,19,russell,252,2,4
2025,19,leclerc,192,0,5
2025,19,hamilton,142,0,6
2025,19,antonelli,89,0,7
2025,19,albon,73,0,8
2025,19,hulkenberg,41,0,9
2025,19,hadjar,39,0,10
2025,19,sainz,38,0,11
2025,19,alonso,37,0,12
2025,19,stroll,32,0,13
2025,19,lawson,30,0,14
2025,19,ocon,28,0,15
2025,19,tsunoda,28,0,16
2025,19,gasly,20,0,17
2025,19,bearman,20,0,18
2025,19,bortoleto,18,0,19
2025,19,colapinto,0,0,20
2025,19,doohan,0,0,21
2025,20,norris,357,6,1
2025,20,piastri,356,7,2
2025,20,max_verstappen,321,5,3
2025,20,russell,258,2,4
2025,20,leclerc,210,0,5
2025,20,hamilton,146,0,6
2025,20,antonelli,97,0,7
2025,20,albon,73,0,8
2025,20,hulkenberg,41,0,9
2025,20,hadjar,39,0,10
2025,20,sainz,38,0,11
2025,20,alonso,37,0,12
2025,20,bearman,32,0,13
2025,20,stroll,32,0,14
2025,20,lawson,30,0,15
2025,20,ocon,30,0,16
2025,20,tsunoda,28,0,17
2025,20,gasly,20,0,18
2025,20,bortoleto,19,0,19
2025,20,colapinto,0,0,20
2025,20,doohan,0,0,21
2025,21,norris,390,7,1
2025,21,piastri,366,7,2
2025,21,max_verstappen,341,5,3
2025,21,russell,276,2,4
2025,21,leclerc,214,0,5
2025,21,hamilton,148,0,6
2025,21,antonelli,122,0,7
2025,21,albon,73,0,8
2025,21,hulkenberg,43,0,9
2025,21,hadjar,43,0,10
2025,21,bearman,40,0,11
2025,21,alonso,40,0,12
2025,21,sainz,38,0,13
2025,21,lawson,36,0,14
2025,21,stroll,32,0,15
2025,21,ocon,30,0,16
2025,21,tsunoda,28,0,17
2025,21,gasly,22,0,18
2025,21,bortoleto,19,0,19
2025,21,colapinto,0,0,20
2025,21,doohan,0,0,21
2025,22,norris,390,7,1
2025,22,piastri,366,7,2
2025,22,max_verstappen,366,6,3
2025,22,russell,294,2,4
2025,22,leclerc,226,0,5
2025,22,hamilton,152,0,6
2025,22,antonelli,137,0,7
2025,22,albon,73,0,8
2025,22,hadjar,51,0,9
2025,22,hulkenberg,49,0,10
2025,22,sainz,48,0,11
2025,22,bearman,41,0,12
2025,22,alonso,40,0,13
2025,22,lawson,36,0,14
2025,22,ocon,32,0,15
2025,22,stroll,32,0,16
2025,22,tsunoda,28,0,17
2025,22,gasly,22,0,18
2025,22,bortoleto,19,0,19
2025,22,colapinto,0,0,20
2025,22,doohan,0,0,21
2025,23,norris,408,7,1
2025,23,max_verstappen,396,7,2
2025,23,piastri,392,7,3
2025,23,russell,309,2,4
2025,23,leclerc,230,0,5
2025,23,hamilton,152,0,6
2025,23,antonelli,150,0,7
2025,23,albon,73,0,8
2025,23,sainz,64,0,9
2025,23,hadjar,51,0,10
2025,23,hulkenberg,49,0,11
2025,23,alonso,48,0,12
2025,23,bearman,41,0,13
2025,23,lawson,38,0,14
2025,23,tsunoda,33,0,15
2025,23,ocon,32,0,16
2025,23,stroll,32,0,17
2025,23,gasly,22,0,18
2025,23,bortoleto,19,0,19
2025,23,colapinto,0,0,20
2025,23,doohan,0,0,21
2025,24,norris,423,7,1
2025,24,max_verstappen,421,8,2
2025,24,piastri,410,7,3
2025,24,russell,319,2,4
2025,24,leclerc,242,0,5
2025,24,hamilton,156,0,6
2025,24,antonelli,150,0,7
2025,24,albon,73,0,8
2025,24,sainz,64,0,9
2025,24,alonso,56,0,10
2025,24,hulkenberg,51,0,11
2025,24,hadjar,51,0,12
2025,24,bearman,41,0,13
2025,24,lawson,38,0,14
2025,24,ocon,38,0,15
2025,24,stroll,33,0,16
2025,24,tsunoda,33,0,17
2025,24,gasly,22,0,18
2025,24,bortoleto,19,0,19
2025,24,colapinto,0,0,20
2025,24,doohan,0,0,21
2026,1,russell,25,1,1
2026,1,antonelli,18,0,2
2026,1,leclerc,15,0,3
2026,1,hamilton,12,0,4
2026,1,norris,10,0,5
2026,1,max_verstappen,8,0,6
2026,1,bearman,6,0,7
2026,1,arvid_lindblad,4,0,8
2026,1,bortoleto,2,0,9
2026,1,gasly,1,0,10
2026,1,ocon,0,0,11
2026,1,albon,0,0,12
2026,1,lawson,0,0,13
2026,1,colapinto,0,0,14
2026,1,sainz,0,0,15
2026,1,perez,0,0,16
2026,1,hadjar,0,0,17
2026,1,piastri,0,0,18
2026,1,hulkenberg,0,0,19
2026,1,alonso,0,0,20
2026,1,bottas,0,0,21
2026,1,stroll,0,0,-
2026,2,russell,51,1,1
2026,2,antonelli,47,1,2
2026,2,leclerc,34,0,3
2026,2,hamilton,33,0,4
2026,2,bearman,17,0,5
2026,2,norris,15,0,6
2026,2,gasly,9,0,7
2026,2,max_verstappen,8,0,8
2026,2,lawson,8,0,9
2026,2,arvid_lindblad,4,0,10
2026,2,hadjar,4,0,11
2026,2,piastri,3,0,12
2026,2,sainz,2,0,13
2026,2,bortoleto,2,0,14
2026,2,colapinto,1,0,15
2026,2,ocon,0,0,16
2026,2,hulkenberg,0,0,17
2026,2,albon,0,0,18
2026,2,bottas,0,0,19
2026,2,perez,0,0,20
2026,2,alonso,0,0,21
2026,2,stroll,0,0,22
2026,3,antonelli,72,2,1
2026,3,russell,63,1,2
2026,3,leclerc,49,0,3
2026,3,hamilton,41,0,4
2026,3,norris,25,0,5
2026,3,piastri,21,0,6
2026,3,bearman,17,0,7
2026,3,gasly,15,0,8
2026,3,max_verstappen,12,0,9
2026,3,lawson,10,0,10
2026,3,arvid_lindblad,4,0,11
2026,3,hadjar,4,0,12
2026,3,bortoleto,2,0,13
2026,3,sainz,2,0,14
2026,3,ocon,1,0,15
2026,3,colapinto,1,0,16
2026,3,hulkenberg,0,0,17
2026,3,albon,0,0,18
2026,3,bottas,0,0,19
2026,3,perez,0,0,20
2026,3,alonso,0,0,21
2026,3,stroll,0,0,22
2026,4,antonelli,100,3,1
2026,4,russell,80,1,2
2026,4,leclerc,59,0,3
2026,4,norris,51,0,4
2026,4,hamilton,51,0,5
2026,4,piastri,43,0,6
2026,4,max_verstappen,26,0,7
2026,4,bearman,17,0,8
2026,4,gasly,16,0,9
2026,4,lawson,10,0,10
2026,4,colapinto,7,0,11
2026,4,arvid_lindblad,4,0,12
2026,4,hadjar,4,0,13
2026,4,sainz,4,0,14
2026,4,bortoleto,2,0,15
2026,4,ocon,1,0,16
2026,4,albon,1,0,17
2026,4,hulkenberg,0,0,18
2026,4,bottas,0,0,19
2026,4,perez,0,0,20
2026,4,alonso,0,0,21
2026,4,stroll,0,0,22
2026,5,antonelli,131,4,1
2026,5,russell,88,1,2
2026,5,leclerc,75,0,3
2026,5,hamilton,72,0,4
2026,5,norris,58,0,5
2026,5,piastri,48,0,6
2026,5,max_verstappen,43,0,7
2026,5,gasly,20,0,8
2026,5,bearman,18,0,9
2026,5,lawson,16,0,10
2026,5,colapinto,15,0,11
2026,5,hadjar,14,0,12
2026,5,sainz,6,0,13
2026,5,arvid_lindblad,5,0,14
2026,5,bortoleto,2,0,15
2026,5,ocon,1,0,16
2026,5,albon,1,0,17
2026,5,hulkenberg,0,0,18
2026,5,bottas,0,0,19
2026,5,perez,0,0,20
2026,5,stroll,0,0,21
2026,5,alonso,0,0,22
2026,6,antonelli,156,5,1
2026,6,hamilton,90,0,2
2026,6,russell,88,1,3
2026,6,leclerc,75,0,4
2026,6,piastri,58,0,5
2026,6,norris,58,0,6
2026,6,max_verstappen,43,0,7
2026,6,gasly,35,0,8
2026,6,hadjar,26,0,9
2026,6,lawson,24,0,10
2026,6,bearman,18,0,11
2026,6,colapinto,15,0,12
2026,6,arvid_lindblad,11,0,13
2026,6,sainz,6,0,14
2026,6,albon,5,0,15
2026,6,ocon,3,0,16
2026,6,bortoleto,2,0,17
2026,6,alonso,1,0,18
2026,6,hulkenberg,0,0,19
2026,6,bottas,0,0,20
2026,6,perez,0,0,21
2026,6,stroll,0,0,22
2026,7,antonelli,156,5,1
2026,7,hamilton,115,1,2
2026,7,russell,106,1,3
2026,7,leclerc,75,0,4
2026,7,norris,73,0,5
2026,7,piastri,68,0,6
2026,7,max_verstappen,55,0,7
2026,7,gasly,41,0,8
2026,7,hadjar,34,0,9
2026,7,lawson,28,0,10
2026,7,bearman,18,0,11
2026,7,colapinto,16,0,12
2026,7,arvid_lindblad,13,0,13
2026,7,sainz,6,0,14
2026,7,albon,5,0,15
2026,7,ocon,3,0,16
2026,7,bortoleto,2,0,17
2026,7,alonso,1,0,18
2026,7,hulkenberg,0,0,19
2026,7,bottas,0,0,20
2026,7,perez,0,0,21
2026,7,stroll,0,0,22
2026,8,antonelli,171,5,1
2026,8,russell,131,2,2
2026,8,hamilton,125,1,3
2026,8,piastri,80,0,4
2026,8,norris,79,0,5
2026,8,leclerc,79,0,6
2026,8,max_verstappen,73,0,7
2026,8,hadjar,42,0,8
2026,8,gasly,41,0,9
2026,8,lawson,30,0,10
2026,8,bearman,18,0,11
2026,8,colapinto,16,0,12
2026,8,arvid_lindblad,14,0,13
2026,8,sainz,6,0,14
2026,8,albon,5,0,15
2026,8,ocon,3,0,16
2026,8,bortoleto,2,0,17
2026,8,alonso,1,0,18
2026,8,hulkenberg,0,0,19
2026,8,bottas,0,0,20
2026,8,perez,0,0,21
2026,8,stroll,0,0,22
2026,9,antonelli,179,5,1
2026,9,russell,154,2,2
2026,9,hamilton,147,1,3
2026,9,leclerc,108,1,4
2026,9,norris,97,0,5
2026,9,piastri,82,0,6
2026,9,max_verstappen,76,0,7
2026,9,hadjar,52,0,8
2026,9,gasly,42,0,9
2026,9,lawson,39,0,10
2026,9,arvid_lindblad,20,0,11
2026,9,bearman,18,0,12
2026,9,colapinto,18,0,13
2026,9,bortoleto,6,0,14
2026,9,sainz,6,0,15
2026,9,albon,5,0,16
2026,9,ocon,3,0,17
2026,9,alonso,1,0,18
2026,9,hulkenberg,0,0,19
2026,9,bottas,0,0,20
2026,9,perez,0,0,21
2026,9,stroll,0,0,22
2026,10,antonelli,204,6,1
2026,10,hamilton,159,1,2
2026,10,russell,154,2,3
2026,10,leclerc,126,1,4
2026,10,norris,103,0,5
2026,10,piastri,92,0,6
2026,10,max_verstappen,91,0,7
2026,10,hadjar,60,0,8
2026,10,gasly,42,0,9
2026,10,lawson,39,0,10
2026,10,arvid_lindblad,22,0,11
2026,10,colapinto,19,0,12
2026,10,bearman,18,0,13
2026,10,bortoleto,10,0,14
2026,10,sainz,6,0,15
2026,10,albon,5,0,16
2026,10,ocon,3,0,17
2026,10,alonso,1,0,18
2026,10,hulkenberg,0,0,19
2026,10,bottas,0,0,20
2026,10,perez,0,0,21
2026,10,stroll,0,0,22
2026,11,antonelli,219,6,1
2026,11,hamilton,169,1,2
2026,11,russell,160,2,3
2026,11,leclerc,138,1,4
2026,11,norris,128,1,5
2026,11,max_verstappen,109,0,6
2026,11,piastri,92,0,7
2026,11,hadjar,68,0,8
2026,11,lawson,43,0,9
2026,11,gasly,42,0,10
2026,11,arvid_lindblad,23,0,11
2026,11,colapinto,19,0,12
2026,11,bearman,18,0,13
2026,11,bortoleto,10,0,14
2026,11,sainz,6,0,15
2026,11,albon,5,0,16
2026,11,ocon,3,0,17
2026,11,hulkenberg,2,0,18
2026,11,alonso,1,0,19
2026,11,stroll,0,0,20
2026,11,bottas,0,0,21
2026,11,perez,0,0,22
