year,round,race,driver,constructor,qpos,pred,actual,finish_pos,status,cause,verdict,pace_delta_s,pit_total_s,pit_stops,sc_laps,sc_first_lap,lap1_gain,last_gain
2026,1,Australian Grand Prix,George Russell,Mercedes,1,1,1,1.0,Finished,correct,Correct,-1.4934827586206898,17.794,1,4,12,-1.0,0.0
2026,1,Australian Grand Prix,Andrea Kimi Antonelli,Mercedes,2,1,1,2.0,Finished,correct,Correct,-1.4422068965517243,20.985,1,4,12,-5.0,0.0
2026,1,Australian Grand Prix,Charles Leclerc,Ferrari,4,2,1,3.0,Finished,under_predict,Finished better than predicted — fast race pace (-1.23s/lap vs field median),-1.2259137931034483,17.664,1,4,12,3.0,1.0
2026,1,Australian Grand Prix,Lewis Hamilton,Ferrari,7,2,2,4.0,Finished,correct,Correct,-1.2151379310344828,17.741,1,4,12,4.0,3.0
2026,1,Australian Grand Prix,Lando Norris,McLaren,6,2,2,5.0,Finished,correct,Correct,-0.6013965517241379,35.915,2,4,12,0.0,1.0
2026,1,Australian Grand Prix,Oliver Bearman,Haas F1 Team,12,3,2,7.0,Lapped,under_predict,Finished better than predicted — gained 5 places from grid,0.020219298245614033,18.774,1,4,12,-1.0,5.0
2026,1,Australian Grand Prix,Arvid Lindblad,RB F1 Team,9,2,2,8.0,Lapped,correct,Correct,0.1469385964912281,18.506,1,4,12,4.0,1.0
2026,1,Australian Grand Prix,Gabriel Bortoleto,Audi,10,2,2,9.0,Lapped,correct,Correct,0.16376315789473686,41.535,2,4,12,-1.0,1.0
2026,1,Australian Grand Prix,Pierre Gasly,Alpine F1 Team,14,3,2,10.0,Lapped,under_predict,Finished better than predicted — gained 4 places from grid,0.4488859649122807,18.672,1,4,12,5.0,4.0
2026,1,Australian Grand Prix,Esteban Ocon,Haas F1 Team,13,3,3,11.0,Lapped,correct,Correct,0.46332456140350875,18.57,1,4,12,5.0,2.0
2026,1,Australian Grand Prix,Alexander Albon,Williams,15,3,3,12.0,Lapped,correct,Correct,0.9234122807017544,36.522,2,4,12,3.0,3.0
2026,1,Australian Grand Prix,Liam Lawson,RB F1 Team,8,2,3,13.0,Lapped,over_predict,Finished worse than predicted — slow race pace (+0.94s/lap vs field median) — lost 5 places from grid — SC/VSC at lap 12 shuffled strategy,0.9426754385964912,37.302,2,4,12,-10.0,-5.0
2026,1,Australian Grand Prix,Franco Colapinto,Alpine F1 Team,16,3,3,14.0,Lapped,correct,Correct,1.6003482142857142,46.294,2,4,12,-1.0,2.0
2026,1,Australian Grand Prix,Sergio Pérez,Cadillac F1 Team,18,3,3,16.0,Lapped,correct,Correct,3.1539727272727274,40.322,2,4,12,-1.0,2.0
2026,1,Australian Grand Prix,Fernando Alonso,Aston Martin,17,3,3,18.0,Retired,correct_dnf,Correct — predicted out-of-points; the DNF delivered it,46.42790476190476,998.251,2,4,12,7.0,-1.0
2026,1,Australian Grand Prix,Valtteri Bottas,Cadillac F1 Team,19,3,3,19.0,Retired,correct_dnf,Correct — predicted out-of-points; the DNF delivered it,6.579566666666667,30.387,1,4,12,4.0,1.0
2026,1,Australian Grand Prix,Isack Hadjar,Red Bull,3,1,3,20.0,Retired,dnf_other,DNF destroyed the predicted outcome,-0.7910499999999999,0.0,0,4,12,-1.0,-2.0
2026,1,Australian Grand Prix,Oscar Piastri,McLaren,5,2,3,21.0,Did not start,dnf_other,DNF destroyed the predicted outcome,,0.0,0,4,12,,
2026,1,Australian Grand Prix,Nico Hülkenberg,Audi,11,3,3,22.0,Did not start,correct_dnf,Correct — predicted out-of-points; the DNF delivered it,,0.0,0,4,12,,
2026,2,Chinese Grand Prix,Andrea Kimi Antonelli,Mercedes,1,1,1,1.0,Finished,correct,Correct,-1.2767232142857141,23.005,1,3,11,-1.0,0.0
2026,2,Chinese Grand Prix,George Russell,Mercedes,2,1,1,2.0,Finished,correct,Correct,-1.1782410714285714,23.39,1,3,11,-2.0,0.0
2026,2,Chinese Grand Prix,Lewis Hamilton,Ferrari,3,1,1,3.0,Finished,correct,Correct,-0.8255267857142856,22.433,1,3,11,2.0,0.0
2026,2,Chinese Grand Prix,Charles Leclerc,Ferrari,4,2,2,4.0,Finished,correct,Correct,-0.7607589285714286,25.633,1,3,11,1.0,0.0
2026,2,Chinese Grand Prix,Oliver Bearman,Haas F1 Team,10,2,2,5.0,Finished,correct,Correct,-0.25408035714285715,22.967,1,3,11,-2.0,5.0
2026,2,Chinese Grand Prix,Pierre Gasly,Alpine F1 Team,7,2,2,6.0,Finished,correct,Correct,-0.21159821428571426,23.539,1,3,11,2.0,1.0
2026,2,Chinese Grand Prix,Liam Lawson,RB F1 Team,14,3,2,7.0,Finished,under_predict,Finished better than predicted — gained 7 places from grid,0.16234821428571428,22.721,1,3,11,7.0,7.0
2026,2,Chinese Grand Prix,Isack Hadjar,Red Bull,9,2,2,8.0,Finished,correct,Correct,0.28125892857142853,48.81,2,3,11,-9.0,1.0
2026,2,Chinese Grand Prix,Carlos Sainz,Williams,17,3,2,9.0,Lapped,under_predict,Finished better than predicted — gained 8 places from grid,0.6668272727272728,23.106,1,3,11,6.0,8.0
2026,2,Chinese Grand Prix,Franco Colapinto,Alpine F1 Team,12,3,2,10.0,Lapped,under_predict,Finished better than predicted,0.6801,23.195,1,3,11,6.0,2.0
2026,2,Chinese Grand Prix,Nico Hülkenberg,Audi,11,3,3,11.0,Lapped,correct,Correct,0.8383909090909091,37.358,1,3,11,-4.0,0.0
2026,2,Chinese Grand Prix,Arvid Lindblad,RB F1 Team,15,3,3,12.0,Lapped,correct,Correct,0.8696454545454545,23.29,1,3,11,7.0,3.0
2026,2,Chinese Grand Prix,Valtteri Bottas,Cadillac F1 Team,20,3,3,13.0,Lapped,correct,Correct,1.4756454545454547,27.795,1,3,11,6.0,7.0
2026,2,Chinese Grand Prix,Esteban Ocon,Haas F1 Team,13,3,3,14.0,Lapped,correct,Correct,1.6592454545454545,73.064,2,3,11,4.0,-1.0
2026,2,Chinese Grand Prix,Sergio Pérez,Cadillac F1 Team,22,3,3,15.0,Lapped,correct,Correct,1.8117,26.213,1,3,11,5.0,7.0
2026,2,Chinese Grand Prix,Max Verstappen,Red Bull,8,2,3,16.0,Retired,dnf_other,DNF destroyed the predicted outcome,1.0602111111111112,23.678,1,3,11,-5.0,-5.0
2026,2,Chinese Grand Prix,Fernando Alonso,Aston Martin,19,3,3,17.0,Retired,correct_dnf,Correct — predicted out-of-points; the DNF delivered it,2.129859375,23.291,1,3,11,9.0,2.0
2026,2,Chinese Grand Prix,Lance Stroll,Aston Martin,21,3,3,18.0,Retired,correct_dnf,Correct — predicted out-of-points; the DNF delivered it,2.0222777777777776,0.0,0,3,11,5.0,5.0
2026,2,Chinese Grand Prix,Oscar Piastri,McLaren,5,2,3,19.0,Did not start,dnf_other,DNF destroyed the predicted outcome,,0.0,0,3,11,,
2026,2,Chinese Grand Prix,Lando Norris,McLaren,6,2,3,20.0,Did not start,dnf_other,DNF destroyed the predicted outcome,,0.0,0,3,11,,
2026,2,Chinese Grand Prix,Gabriel Bortoleto,Audi,16,3,3,21.0,Did not start,correct_dnf,Correct — predicted out-of-points; the DNF delivered it,,0.0,0,3,11,,
2026,2,Chinese Grand Prix,Alexander Albon,Williams,18,3,3,22.0,Did not start,correct_dnf,Correct — predicted out-of-points; the DNF delivered it,,0.0,0,3,11,,
2026,3,Japanese Grand Prix,Andrea Kimi Antonelli,Mercedes,1,1,1,1.0,Finished,correct,Correct,-0.7365566037735849,23.288,1,6,22,-5.0,0.0
2026,3,Japanese Grand Prix,Oscar Piastri,McLaren,3,1,1,2.0,Finished,correct,Correct,-0.47765094339622644,23.444,1,6,22,2.0,1.0
2026,3,Japanese Grand Prix,Charles Leclerc,Ferrari,4,2,1,3.0,Finished,under_predict,Finished better than predicted — fast race pace (-0.45s/lap vs field median),-0.44844339622641505,22.992,1,6,22,2.0,1.0
2026,3,Japanese Grand Prix,George Russell,Mercedes,2,1,2,4.0,Finished,over_predict,Finished worse than predicted — SC/VSC at lap 22 shuffled strategy,-0.43931132075471696,22.937,1,6,22,-2.0,-2.0
2026,3,Japanese Grand Prix,Lando Norris,McLaren,5,2,2,5.0,Finished,correct,Correct,-0.29355660377358495,23.316,1,6,22,2.0,0.0
2026,3,Japanese Grand Prix,Lewis Hamilton,Ferrari,6,2,2,6.0,Finished,correct,Correct,-0.2641603773584906,22.891,1,6,22,1.0,0.0
2026,3,Japanese Grand Prix,Pierre Gasly,Alpine F1 Team,7,2,2,7.0,Finished,correct,Correct,-0.1263679245283019,24.304,1,6,22,0.0,0.0
2026,3,Japanese Grand Prix,Max Verstappen,Red Bull,11,3,2,8.0,Finished,under_predict,Finished better than predicted — gained 3 places from grid,-0.12000943396226416,24.49,1,6,22,1.0,3.0
2026,3,Japanese Grand Prix,Liam Lawson,RB F1 Team,14,3,2,9.0,Finished,under_predict,Finished better than predicted — gained 5 places from grid,0.21023584905660378,24.165,1,6,22,2.0,5.0
2026,3,Japanese Grand Prix,Esteban Ocon,Haas F1 Team,12,3,2,10.0,Finished,under_predict,Finished better than predicted,0.22978301886792454,24.629,1,6,22,1.0,2.0
2026,3,Japanese Grand Prix,Nico Hülkenberg,Audi,13,3,3,11.0,Finished,correct,Correct,0.24985849056603773,23.999,1,6,22,-6.0,2.0
2026,3,Japanese Grand Prix,Isack Hadjar,Red Bull,8,2,3,12.0,Finished,over_predict,Finished worse than predicted — slow race pace (+0.32s/lap vs field median) — lost 4 places from grid — SC/VSC at lap 22 shuffled strategy,0.3229528301886792,23.698,1,6,22,0.0,-4.0
2026,3,Japanese Grand Prix,Gabriel Bortoleto,Audi,9,2,3,13.0,Finished,over_predict,Finished worse than predicted — slow race pace (+0.38s/lap vs field median) — lost 4 places from grid — SC/VSC at lap 22 shuffled strategy,0.3781226415094339,24.63,1,6,22,-4.0,-4.0
2026,3,Japanese Grand Prix,Arvid Lindblad,RB F1 Team,10,2,3,14.0,Finished,over_predict,Finished worse than predicted — slow race pace (+0.39s/lap vs field median) — lost 4 places from grid — SC/VSC at lap 22 shuffled strategy,0.3926509433962264,26.335,1,6,22,1.0,-4.0
2026,3,Japanese Grand Prix,Carlos Sainz,Williams,16,3,3,15.0,Finished,correct,Correct,0.49000943396226415,24.396,1,6,22,1.0,1.0
2026,3,Japanese Grand Prix,Franco Colapinto,Alpine F1 Team,15,3,3,16.0,Finished,correct,Correct,0.5044433962264151,23.649,1,6,22,1.0,-1.0
2026,3,Japanese Grand Prix,Sergio Pérez,Cadillac F1 Team,19,3,3,17.0,Finished,correct,Correct,1.0078396226415094,27.307,1,6,22,1.0,2.0
2026,3,Japanese Grand Prix,Fernando Alonso,Aston Martin,21,3,3,18.0,Lapped,correct,Correct,1.5687211538461538,50.471999999999994,2,6,22,1.0,3.0
2026,3,Japanese Grand Prix,Valtteri Bottas,Cadillac F1 Team,20,3,3,19.0,Lapped,correct,Correct,1.8778173076923077,25.129,1,6,22,-1.0,1.0
2026,3,Japanese Grand Prix,Alexander Albon,Williams,17,3,3,20.0,Lapped,correct,Correct,3.026676470588235,154.90099999999998,6,6,22,0.0,-3.0
2026,3,Japanese Grand Prix,Lance Stroll,Aston Martin,22,3,3,21.0,Retired,correct_dnf,Correct — predicted out-of-points; the DNF delivered it,0.7870166666666667,48.584,2,6,22,0.0,2.0
2026,3,Japanese Grand Prix,Oliver Bearman,Haas F1 Team,18,3,3,22.0,Retired,correct_dnf,Correct — predicted out-of-points; the DNF delivered it,1.349125,25.081,1,6,22,2.0,0.0
2026,4,Miami Grand Prix,Andrea Kimi Antonelli,Mercedes,1,1,1,1.0,Finished,correct,Correct,-1.2015877192982456,22.128,1,6,6,-1.0,0.0
2026,4,Miami Grand Prix,Lando Norris,McLaren,4,2,1,2.0,Finished,under_predict,Finished better than predicted — fast race pace (-1.14s/lap vs field median),-1.144324561403509,22.565,1,6,6,1.0,2.0
2026,4,Miami Grand Prix,Oscar Piastri,McLaren,7,2,1,3.0,Finished,under_predict,Finished better than predicted — fast race pace (-0.73s/lap vs field median) — gained 4 places from grid,-0.7262894736842105,23.024,1,6,6,3.0,4.0
2026,4,Miami Grand Prix,George Russell,Mercedes,5,2,2,4.0,Finished,correct,Correct,-0.44630701754385965,22.042,1,6,6,0.0,1.0
2026,4,Miami Grand Prix,Max Verstappen,Red Bull,2,1,2,5.0,Finished,over_predict,Finished worse than predicted — lost 3 places from grid — SC/VSC at lap 6 shuffled strategy,-0.43055263157894735,22.547,1,6,6,-7.0,-3.0
2026,4,Miami Grand Prix,Lewis Hamilton,Ferrari,6,2,2,6.0,Finished,correct,Correct,-0.25855263157894737,23.779,1,6,6,0.0,-1.0
2026,4,Miami Grand Prix,Franco Colapinto,Alpine F1 Team,8,2,2,7.0,Finished,correct,Correct,-0.11613157894736842,23.093,1,6,6,1.0,0.0
2026,4,Miami Grand Prix,Charles Leclerc,Ferrari,3,1,2,8.0,Finished,over_predict,Finished worse than predicted — lost 3 places from grid — SC/VSC at lap 6 shuffled strategy,-0.425359649122807,23.386,1,6,6,2.0,-3.0
2026,4,Miami Grand Prix,Carlos Sainz,Williams,13,3,2,9.0,Finished,under_predict,Finished better than predicted — gained 4 places from grid,0.23827192982456138,23.595,1,6,6,2.0,4.0
2026,4,Miami Grand Prix,Alexander Albon,Williams,15,3,2,10.0,Finished,under_predict,Finished better than predicted — gained 5 places from grid,0.39441228070175444,23.016,1,6,6,5.0,5.0
2026,4,Miami Grand Prix,Oliver Bearman,Haas F1 Team,12,3,3,11.0,Lapped,correct,Correct,0.5773125,23.474,1,6,6,-2.0,1.0
2026,4,Miami Grand Prix,Gabriel Bortoleto,Audi,21,3,3,12.0,Lapped,correct,Correct,0.6300446428571429,23.986,1,6,6,3.0,9.0
2026,4,Miami Grand Prix,Esteban Ocon,Haas F1 Team,14,3,3,13.0,Lapped,correct,Correct,0.7107589285714285,24.027,1,6,6,1.0,1.0
2026,4,Miami Grand Prix,Arvid Lindblad,RB F1 Team,16,3,3,14.0,Lapped,correct,Correct,1.2626875,22.731,1,6,6,1.0,2.0
2026,4,Miami Grand Prix,Fernando Alonso,Aston Martin,17,3,3,15.0,Lapped,correct,Correct,1.8016696428571428,23.16,1,6,6,-3.0,2.0
2026,4,Miami Grand Prix,Sergio Pérez,Cadillac F1 Team,20,3,3,16.0,Lapped,correct,Correct,1.8471875,23.228,1,6,6,3.0,4.0
2026,4,Miami Grand Prix,Lance Stroll,Aston Martin,18,3,3,17.0,Lapped,correct,Correct,1.938580357142857,44.72,2,6,6,2.0,1.0
2026,4,Miami Grand Prix,Valtteri Bottas,Cadillac F1 Team,19,3,3,18.0,Lapped,correct,Correct,3.4277363636363636,64.529,3,6,6,-2.0,1.0
2026,4,Miami Grand Prix,Nico Hülkenberg,Audi,10,2,3,19.0,Retired,dnf_other,DNF destroyed the predicted outcome,12.589,33.71,1,6,6,-12.0,-9.0
2026,4,Miami Grand Prix,Liam Lawson,RB F1 Team,11,3,3,20.0,Retired,correct_dnf,Correct — predicted out-of-points; the DNF delivered it,8.989166666666666,0.0,0,6,6,3.0,-9.0
2026,4,Miami Grand Prix,Pierre Gasly,Alpine F1 Team,9,2,3,21.0,Retired,dnf_other,DNF destroyed the predicted outcome,-0.0665,0.0,0,6,6,-3.0,-2.0
2026,4,Miami Grand Prix,Isack Hadjar,Red Bull,22,3,3,22.0,Retired,correct_dnf,Correct — predicted out-of-points; the DNF delivered it,1.18225,0.0,0,6,6,3.0,6.0
2026,5,Canadian Grand Prix,Andrea Kimi Antonelli,Mercedes,2,1,1,1.0,Finished,correct,Correct,-1.06225,25.153,1,4,1,0.0,1.0
2026,5,Canadian Grand Prix,Lewis Hamilton,Ferrari,5,2,1,2.0,Finished,under_predict,Finished better than predicted — fast race pace (-0.90s/lap vs field median) — gained 3 places from grid,-0.9038970588235294,25.936,1,4,1,1.0,3.0
2026,5,Canadian Grand Prix,Max Verstappen,Red Bull,6,2,1,3.0,Finished,under_predict,Finished better than predicted — fast race pace (-0.90s/lap vs field median) — gained 3 places from grid,-0.8964264705882352,25.199,1,4,1,1.0,3.0
2026,5,Canadian Grand Prix,Charles Leclerc,Ferrari,8,2,2,4.0,Finished,correct,Correct,-0.41297058823529414,30.114,1,4,1,2.0,4.0
2026,5,Canadian Grand Prix,Isack Hadjar,Red Bull,7,2,2,5.0,Lapped,correct,Correct,0.10928358208955224,94.424,3,4,1,0.0,2.0
2026,5,Canadian Grand Prix,Franco Colapinto,Alpine F1 Team,10,2,2,6.0,Lapped,correct,Correct,0.3253582089552239,25.64,1,4,1,2.0,4.0
2026,5,Canadian Grand Prix,Liam Lawson,RB F1 Team,12,3,2,7.0,Lapped,under_predict,Finished better than predicted — gained 5 places from grid,0.5451343283582089,24.177,1,4,1,3.0,5.0
2026,5,Canadian Grand Prix,Pierre Gasly,Alpine F1 Team,14,3,2,8.0,Lapped,under_predict,Finished better than predicted — gained 6 places from grid,0.5501641791044777,25.644,1,4,1,2.0,6.0
2026,5,Canadian Grand Prix,Carlos Sainz,Williams,15,3,2,9.0,Lapped,under_predict,Finished better than predicted — gained 6 places from grid,0.9000447761194029,50.387,2,4,1,-1.0,6.0
2026,5,Canadian Grand Prix,Oliver Bearman,Haas F1 Team,16,3,2,10.0,Lapped,under_predict,Finished better than predicted — gained 6 places from grid,0.9154925373134328,44.957,1,4,1,5.0,6.0
2026,5,Canadian Grand Prix,Oscar Piastri,McLaren,4,2,3,11.0,Lapped,over_predict,Finished worse than predicted — slow race pace (+1.37s/lap vs field median) — lost 7 places from grid,1.369909090909091,96.851,3,4,1,-17.0,-7.0
2026,5,Canadian Grand Prix,Nico Hülkenberg,Audi,11,3,3,12.0,Lapped,correct,Correct,1.3923787878787879,55.976,2,4,1,1.0,-1.0
2026,5,Canadian Grand Prix,Gabriel Bortoleto,Audi,13,3,3,13.0,Lapped,correct,Correct,1.4222878787878788,52.944,2,4,1,0.0,0.0
2026,5,Canadian Grand Prix,Esteban Ocon,Haas F1 Team,17,3,3,14.0,Lapped,correct,Correct,2.2174242424242423,60.184,2,4,1,2.0,3.0
2026,5,Canadian Grand Prix,Lance Stroll,Aston Martin,21,3,3,15.0,Lapped,correct,Correct,3.8897109375,48.394999999999996,2,4,1,1.0,6.0
2026,5,Canadian Grand Prix,Valtteri Bottas,Cadillac F1 Team,22,3,3,16.0,Lapped,correct,Correct,4.4364765625,108.619,4,4,1,4.0,6.0
2026,5,Canadian Grand Prix,Sergio Pérez,Cadillac F1 Team,20,3,3,17.0,Retired,correct_dnf,Correct — predicted out-of-points; the DNF delivered it,2.621871794871795,75.874,3,4,1,3.0,5.0
2026,5,Canadian Grand Prix,Lando Norris,McLaren,3,1,3,18.0,Retired,dnf_other,DNF destroyed the predicted outcome,0.4016578947368421,52.277,2,4,1,2.0,-5.0
2026,5,Canadian Grand Prix,George Russell,Mercedes,1,1,3,19.0,Retired,dnf_other,DNF destroyed the predicted outcome,-1.8933103448275863,0.0,0,4,1,-2.0,0.0
2026,5,Canadian Grand Prix,Fernando Alonso,Aston Martin,19,3,3,20.0,Retired,correct_dnf,Correct — predicted out-of-points; the DNF delivered it,2.959,24.709,1,4,1,5.0,2.0
2026,5,Canadian Grand Prix,Alexander Albon,Williams,18,3,3,21.0,Retired,correct_dnf,Correct — predicted out-of-points; the DNF delivered it,0.501,0.0,0,4,1,-1.0,6.0
2026,5,Canadian Grand Prix,Arvid Lindblad,RB F1 Team,9,2,3,22.0,Did not start,dnf_other,DNF destroyed the predicted outcome,,0.0,0,4,1,,
2026,6,Monaco Grand Prix,Andrea Kimi Antonelli,Mercedes,1,1,1,1.0,Finished,correct,Correct,0.21899358974358976,2225.88,4,9,58,0.0,0.0
2026,6,Monaco Grand Prix,Lewis Hamilton,Ferrari,3,1,1,2.0,Finished,correct,Correct,0.29939102564102565,2258.428,5,9,58,1.0,1.0
2026,6,Monaco Grand Prix,Pierre Gasly,Alpine F1 Team,9,2,1,3.0,Finished,under_predict,Finished better than predicted — gained 6 places from grid,0.4801346153846154,2220.337,4,9,58,2.0,6.0
2026,6,Monaco Grand Prix,Isack Hadjar,Red Bull,5,2,2,4.0,Finished,correct,Correct,0.5189166666666666,2223.384,4,9,58,1.0,1.0
2026,6,Monaco Grand Prix,Oscar Piastri,McLaren,7,2,2,5.0,Finished,correct,Correct,0.5300320512820512,2250.768,5,9,58,1.0,2.0
2026,6,Monaco Grand Prix,Liam Lawson,RB F1 Team,10,2,2,6.0,Finished,correct,Correct,0.5594166666666667,2211.9750000000004,4,9,58,1.0,4.0
2026,6,Monaco Grand Prix,Arvid Lindblad,RB F1 Team,15,3,2,7.0,Finished,under_predict,Finished better than predicted — gained 8 places from grid,0.5909166666666666,2128.641,4,9,58,0.0,8.0
2026,6,Monaco Grand Prix,Alexander Albon,Williams,11,3,2,8.0,Finished,under_predict,Finished better than predicted — gained 3 places from grid,0.6473653846153846,2154.4390000000003,5,9,58,1.0,3.0
2026,6,Monaco Grand Prix,Esteban Ocon,Haas F1 Team,17,3,2,9.0,Finished,under_predict,Finished better than predicted — gained 7 places from grid,0.6951474358974359,2155.535,5,9,58,1.0,7.0
2026,6,Monaco Grand Prix,Fernando Alonso,Aston Martin,21,3,2,10.0,Finished,under_predict,Finished better than predicted — gained 9 places from grid,0.7561602564102564,2185.317,6,9,58,4.0,9.0
2026,6,Monaco Grand Prix,Gabriel Bortoleto,Audi,16,3,3,11.0,Finished,correct,Correct,0.7670448717948718,2212.4570000000003,7,9,58,-4.0,3.0
2026,6,Monaco Grand Prix,George Russell,Mercedes,6,2,3,12.0,Finished,over_predict,Finished worse than predicted — slow race pace (+0.77s/lap vs field median) — lost 8 places from grid — SC/VSC at lap 58 shuffled strategy,0.7748012820512821,2259.709,5,9,58,1.0,-8.0
2026,6,Monaco Grand Prix,Nico Hülkenberg,Audi,13,3,3,13.0,Finished,correct,Correct,0.6561987179487179,2176.674,6,9,58,1.0,4.0
2026,6,Monaco Grand Prix,Franco Colapinto,Alpine F1 Team,14,3,3,14.0,Finished,correct,Correct,0.7826346153846153,2161.4610000000002,5,9,58,1.0,-1.0
2026,6,Monaco Grand Prix,Sergio Pérez,Cadillac F1 Team,18,3,3,15.0,Finished,correct,Correct,0.7209551282051282,2189.454,6,9,58,4.0,7.0
2026,6,Monaco Grand Prix,Carlos Sainz,Williams,12,3,3,16.0,Retired,correct_dnf,Correct — predicted out-of-points; the DNF delivered it,0.6851642857142857,2155.4179999999997,5,9,58,1.0,2.0
2026,6,Monaco Grand Prix,Charles Leclerc,Ferrari,4,2,3,17.0,Retired,dnf_other,DNF destroyed the predicted outcome,-1.0915390625,80.303,3,9,58,1.0,1.0
2026,6,Monaco Grand Prix,Lance Stroll,Aston Martin,22,3,3,18.0,Retired,correct_dnf,Correct — predicted out-of-points; the DNF delivered it,1.2788303571428572,24.803,1,9,58,4.0,6.0
2026,6,Monaco Grand Prix,Lando Norris,McLaren,8,2,3,19.0,Retired,dnf_other,DNF destroyed the predicted outcome,-0.3507209302325581,0.0,0,9,58,0.0,2.0
2026,6,Monaco Grand Prix,Oliver Bearman,Haas F1 Team,19,3,3,20.0,Retired,correct_dnf,Correct — predicted out-of-points; the DNF delivered it,2.6242592592592593,32.127,1,9,58,-2.0,-1.0
2026,6,Monaco Grand Prix,Valtteri Bottas,Cadillac F1 Team,20,3,3,21.0,Retired,correct_dnf,Correct — predicted out-of-points; the DNF delivered it,4.0792,26.759,1,9,58,1.0,1.0
2026,6,Monaco Grand Prix,Max Verstappen,Red Bull,2,1,3,22.0,Retired,dnf_other,DNF destroyed the predicted outcome,,0.0,0,9,58,,
2026,7,Barcelona Grand Prix,Lewis Hamilton,Ferrari,2,1,1,1.0,Finished,correct,Correct,-1.2612878787878787,67.794,3,2,40,0.0,1.0
2026,7,Barcelona Grand Prix,George Russell,Mercedes,1,1,1,2.0,Finished,correct,Correct,-0.9649090909090908,43.757,2,2,40,0.0,-1.0
2026,7,Barcelona Grand Prix,Lando Norris,McLaren,4,2,1,3.0,Finished,under_predict,Finished better than predicted — fast race pace (-0.90s/lap vs field median),-0.9019090909090909,43.832,2,2,40,0.0,1.0
2026,7,Barcelona Grand Prix,Max Verstappen,Red Bull,5,2,2,4.0,Finished,correct,Correct,-0.6476969696969698,69.248,3,2,40,0.0,1.0
2026,7,Barcelona Grand Prix,Oscar Piastri,McLaren,7,2,2,5.0,Finished,correct,Correct,-0.3724848484848485,44.437,2,2,40,1.0,2.0
2026,7,Barcelona Grand Prix,Isack Hadjar,Red Bull,6,2,2,6.0,Lapped,correct,Correct,0.3658923076923077,66.92099999999999,3,2,40,-8.0,0.0
2026,7,Barcelona Grand Prix,Pierre Gasly,Alpine F1 Team,14,3,2,7.0,Lapped,under_predict,Finished better than predicted — gained 7 places from grid,0.8453076923076923,45.992,2,2,40,2.0,7.0
2026,7,Barcelona Grand Prix,Liam Lawson,RB F1 Team,8,2,2,8.0,Lapped,correct,Correct,1.0981538461538463,49.155,2,2,40,0.0,-1.0
2026,7,Barcelona Grand Prix,Arvid Lindblad,RB F1 Team,11,3,2,9.0,Lapped,under_predict,Finished better than predicted,1.1881538461538461,46.486000000000004,2,2,40,2.0,1.0
2026,7,Barcelona Grand Prix,Franco Colapinto,Alpine F1 Team,13,3,2,10.0,Lapped,under_predict,Finished better than predicted — gained 5 places from grid,1.0618923076923077,45.272999999999996,2,2,40,2.0,5.0
2026,7,Barcelona Grand Prix,Gabriel Bortoleto,Audi,12,3,3,11.0,Lapped,correct,Correct,1.71540625,70.983,3,2,40,-5.0,1.0
2026,7,Barcelona Grand Prix,Carlos Sainz,Williams,16,3,3,12.0,Lapped,correct,Correct,1.733828125,68.344,3,2,40,3.0,4.0
2026,7,Barcelona Grand Prix,Esteban Ocon,Haas F1 Team,17,3,3,13.0,Lapped,correct,Correct,2.222625,72.67,3,2,40,1.0,4.0
2026,7,Barcelona Grand Prix,Sergio Pérez,Cadillac F1 Team,19,3,3,14.0,Lapped,correct,Correct,2.7738888888888886,73.149,3,2,40,0.0,5.0
2026,7,Barcelona Grand Prix,Charles Leclerc,Ferrari,10,2,3,15.0,Retired,dnf_other,DNF destroyed the predicted outcome,-0.4655403225806452,44.373999999999995,2,2,40,3.0,4.0
2026,7,Barcelona Grand Prix,Andrea Kimi Antonelli,Mercedes,3,1,3,16.0,Retired,dnf_other,DNF destroyed the predicted outcome,-1.244155737704918,44.248000000000005,2,2,40,0.0,1.0
2026,7,Barcelona Grand Prix,Oliver Bearman,Haas F1 Team,15,3,3,17.0,Retired,correct_dnf,Correct — predicted out-of-points; the DNF delivered it,1.8683083333333335,47.019,2,2,40,0.0,0.0
2026,7,Barcelona Grand Prix,Alexander Albon,Williams,18,3,3,18.0,Lapped,correct,Correct,16.694990909090908,846.505,4,2,40,0.0,0.0
2026,7,Barcelona Grand Prix,Fernando Alonso,Aston Martin,22,3,3,19.0,Retired,correct_dnf,Correct — predicted out-of-points; the DNF delivered it,2.658,22.22,1,2,40,0.0,5.0
2026,7,Barcelona Grand Prix,Nico Hülkenberg,Audi,9,2,3,20.0,Retired,dnf_other,DNF destroyed the predicted outcome,1.006448275862069,22.869,1,2,40,-1.0,-3.0
2026,7,Barcelona Grand Prix,Valtteri Bottas,Cadillac F1 Team,20,3,3,21.0,Retired,correct_dnf,Correct — predicted out-of-points; the DNF delivered it,4.450233333333333,23.28,1,2,40,0.0,-1.0
2026,7,Barcelona Grand Prix,Lance Stroll,Aston Martin,21,3,3,22.0,Retired,correct_dnf,Correct — predicted out-of-points; the DNF delivered it,3.9006999999999996,0.0,0,2,40,0.0,-1.0
2026,8,Austrian Grand Prix,George Russell,Mercedes,1,1,1,1.0,Finished,correct,Correct,-0.6635352112676056,42.425,2,1,25,0.0,0.0
2026,8,Austrian Grand Prix,Max Verstappen,Red Bull,5,2,1,2.0,Finished,under_predict,Finished better than predicted — fast race pace (-0.64s/lap vs field median) — gained 3 places from grid,-0.6408450704225351,42.569,2,1,25,0.0,3.0
2026,8,Austrian Grand Prix,Andrea Kimi Antonelli,Mercedes,4,2,1,3.0,Finished,under_predict,Finished better than predicted — fast race pace (-0.64s/lap vs field median),-0.6355633802816901,42.915,2,1,25,0.0,1.0
2026,8,Austrian Grand Prix,Oscar Piastri,McLaren,7,2,2,4.0,Finished,correct,Correct,-0.3563661971830986,43.286,2,1,25,1.0,3.0
2026,8,Austrian Grand Prix,Lewis Hamilton,Ferrari,3,1,2,5.0,Finished,over_predict,Finished worse than predicted,-0.29180281690140847,63.885999999999996,3,1,25,1.0,-2.0
2026,8,Austrian Grand Prix,Isack Hadjar,Red Bull,8,2,2,6.0,Finished,correct,Correct,-0.24946478873239436,43.038,2,1,25,-1.0,2.0
2026,8,Austrian Grand Prix,Lando Norris,McLaren,6,2,2,7.0,Finished,correct,Correct,-0.21980281690140846,43.394,2,1,25,-1.0,-1.0
2026,8,Austrian Grand Prix,Charles Leclerc,Ferrari,2,1,2,8.0,Finished,over_predict,Finished worse than predicted — lost 6 places from grid,-0.020450704225352112,65.489,3,1,25,-1.0,-6.0
2026,8,Austrian Grand Prix,Liam Lawson,RB F1 Team,9,2,2,9.0,Lapped,correct,Correct,0.5770071428571428,43.567,2,1,25,1.0,0.0
2026,8,Austrian Grand Prix,Arvid Lindblad,RB F1 Team,10,2,2,10.0,Lapped,correct,Correct,0.6298071428571428,42.959,2,1,25,0.0,0.0
2026,8,Austrian Grand Prix,Gabriel Bortoleto,Audi,12,3,3,11.0,Lapped,correct,Correct,0.7910214285714287,44.482,2,1,25,1.0,1.0
2026,8,Austrian Grand Prix,Nico Hülkenberg,Audi,14,3,3,12.0,Lapped,correct,Correct,0.9077214285714286,44.176,2,1,25,0.0,2.0
2026,8,Austrian Grand Prix,Pierre Gasly,Alpine F1 Team,11,3,3,13.0,Lapped,correct,Correct,0.9186785714285715,64.392,3,1,25,-2.0,-2.0
2026,8,Austrian Grand Prix,Oliver Bearman,Haas F1 Team,13,3,3,14.0,Lapped,correct,Correct,1.2533357142857142,43.637,2,1,25,-2.0,-1.0
2026,8,Austrian Grand Prix,Franco Colapinto,Alpine F1 Team,16,3,3,15.0,Lapped,correct,Correct,1.2957642857142857,43.007000000000005,2,1,25,-4.0,1.0
2026,8,Austrian Grand Prix,Esteban Ocon,Haas F1 Team,15,3,3,16.0,Lapped,correct,Correct,1.7919202898550726,47.333,2,1,25,3.0,-1.0
2026,8,Austrian Grand Prix,Alexander Albon,Williams,18,3,3,17.0,Lapped,correct,Correct,1.8230797101449274,42.519,2,1,25,1.0,1.0
2026,8,Austrian Grand Prix,Fernando Alonso,Aston Martin,21,3,3,18.0,Lapped,correct,Correct,2.574301470588235,51.071,2,1,25,2.0,3.0
2026,8,Austrian Grand Prix,Lance Stroll,Aston Martin,22,3,3,19.0,Retired,correct_dnf,Correct — predicted out-of-points; the DNF delivered it,2.913955555555556,23.522,1,1,25,0.0,3.0
2026,8,Austrian Grand Prix,Carlos Sainz,Williams,17,3,3,20.0,Retired,correct_dnf,Correct — predicted out-of-points; the DNF delivered it,1.4994347826086958,21.371,1,1,25,1.0,2.0
2026,8,Austrian Grand Prix,Sergio Pérez,Cadillac F1 Team,19,3,3,21.0,Retired,correct_dnf,Correct — predicted out-of-points; the DNF delivered it,3.80175,0.0,0,1,25,1.0,-2.0
2026,8,Austrian Grand Prix,Valtteri Bottas,Cadillac F1 Team,20,3,3,22.0,Retired,correct_dnf,Correct — predicted out-of-points; the DNF delivered it,8.5615,0.0,0,1,25,-1.0,-2.0
2026,9,British Grand Prix,Charles Leclerc,Ferrari,2,1,1,1.0,Finished,correct,Correct,0.30591346153846155,57.331,2,4,48,1.0,1.0
2026,9,British Grand Prix,George Russell,Mercedes,4,2,1,2.0,Finished,under_predict,Finished better than predicted,0.314125,57.0,2,4,48,0.0,2.0
2026,9,British Grand Prix,Lewis Hamilton,Ferrari,3,1,1,3.0,Finished,correct,Correct,0.32075961538461534,63.596,2,4,48,1.0,0.0
2026,9,British Grand Prix,Lando Norris,McLaren,6,2,2,4.0,Finished,correct,Correct,0.32800961538461537,87.126,3,4,48,-1.0,2.0
2026,9,British Grand Prix,Isack Hadjar,Red Bull,5,2,2,5.0,Finished,correct,Correct,0.3366442307692308,96.05199999999999,3,4,48,0.0,0.0
2026,9,British Grand Prix,Liam Lawson,RB F1 Team,10,2,2,6.0,Finished,correct,Correct,0.3448173076923077,57.323,2,4,48,2.0,4.0
2026,9,British Grand Prix,Arvid Lindblad,RB F1 Team,9,2,2,7.0,Finished,correct,Correct,0.3484903846153846,61.117000000000004,2,4,48,0.0,2.0
2026,9,British Grand Prix,Gabriel Bortoleto,Audi,11,3,2,8.0,Finished,under_predict,Finished better than predicted — gained 3 places from grid,0.3523173076923077,58.587999999999994,2,4,48,-2.0,3.0
2026,9,British Grand Prix,Franco Colapinto,Alpine F1 Team,19,3,2,9.0,Finished,under_predict,Finished better than predicted — gained 9 places from grid,0.36800961538461535,58.821,2,4,48,3.0,9.0
2026,9,British Grand Prix,Pierre Gasly,Alpine F1 Team,12,3,2,10.0,Finished,under_predict,Finished better than predicted,0.3721634615384615,62.345,2,4,48,0.0,1.0
2026,9,British Grand Prix,Oscar Piastri,McLaren,8,2,3,11.0,Finished,over_predict,Finished worse than predicted — slow race pace (+0.38s/lap vs field median) — lost 4 places from grid — SC/VSC at lap 48 shuffled strategy,0.3831057692307692,99.149,3,4,48,-6.0,-4.0
2026,9,British Grand Prix,Oliver Bearman,Haas F1 Team,14,3,3,12.0,Finished,correct,Correct,0.40677884615384613,60.245000000000005,2,4,48,-6.0,0.0
2026,9,British Grand Prix,Esteban Ocon,Haas F1 Team,17,3,3,13.0,Finished,correct,Correct,0.41191346153846153,74.465,2,4,48,6.0,2.0
2026,9,British Grand Prix,Sergio Pérez,Cadillac F1 Team,20,3,3,14.0,Finished,correct,Correct,0.4482788461538461,59.239999999999995,2,4,48,3.0,4.0
2026,9,British Grand Prix,Andrea Kimi Antonelli,Mercedes,1,1,3,15.0,Finished,over_predict,Finished worse than predicted — slow race pace (+0.36s/lap vs field median) — lost 8 places from grid — SC/VSC at lap 48 shuffled strategy,0.3637019230769231,103.81300000000002,3,4,48,-2.0,-8.0
2026,9,British Grand Prix,Valtteri Bottas,Cadillac F1 Team,18,3,3,16.0,Finished,correct,Correct,0.462875,61.183,2,4,48,0.0,1.0
2026,9,British Grand Prix,Carlos Sainz,Williams,15,3,3,17.0,Lapped,correct,Correct,0.3903557692307692,58.113,2,4,48,5.0,2.0
2026,9,British Grand Prix,Fernando Alonso,Aston Martin,22,3,3,18.0,Lapped,correct,Correct,3.1599117647058823,58.696,2,4,48,1.0,4.0
2026,9,British Grand Prix,Lance Stroll,Aston Martin,21,3,3,19.0,Lapped,correct,Correct,3.1946176470588235,74.968,2,4,48,2.0,2.0
2026,9,British Grand Prix,Max Verstappen,Red Bull,7,2,3,20.0,Retired,dnf_other,DNF destroyed the predicted outcome,-0.6376413043478262,57.688,2,4,48,1.0,4.0
2026,9,British Grand Prix,Alexander Albon,Williams,16,3,3,21.0,Retired,correct_dnf,Correct — predicted out-of-points; the DNF delivered it,5.690383720930233,189.12699999999998,5,4,48,-6.0,-5.0
2026,9,British Grand Prix,Nico Hülkenberg,Audi,13,3,3,22.0,Retired,correct_dnf,Correct — predicted out-of-points; the DNF delivered it,1.4772083333333332,64.83699999999999,2,4,48,-2.0,-2.0
2026,10,Belgian Grand Prix,Andrea Kimi Antonelli,Mercedes,1,1,1,1.0,Finished,correct,Correct,-1.3795681818181817,23.093,1,5,1,0.0,0.0
2026,10,Belgian Grand Prix,Charles Leclerc,Ferrari,5,2,1,2.0,Finished,under_predict,Finished better than predicted — fast race pace (-1.34s/lap vs field median) — gained 3 places from grid,-1.3352045454545456,23.164,1,5,1,3.0,3.0
2026,10,Belgian Grand Prix,Max Verstappen,Red Bull,2,1,1,3.0,Finished,correct,Correct,-1.11625,23.128,1,5,1,-1.0,-1.0
2026,10,Belgian Grand Prix,Lewis Hamilton,Ferrari,6,2,2,4.0,Finished,correct,Correct,-0.9876363636363636,32.201,1,5,1,1.0,2.0
2026,10,Belgian Grand Prix,Oscar Piastri,McLaren,7,2,2,5.0,Finished,correct,Correct,-0.9480227272727273,23.292,1,5,1,3.0,2.0
2026,10,Belgian Grand Prix,Isack Hadjar,Red Bull,10,2,2,6.0,Finished,correct,Correct,-0.8498636363636364,71.88,3,5,1,-6.0,4.0
2026,10,Belgian Grand Prix,Lando Norris,McLaren,3,1,2,7.0,Finished,over_predict,Finished worse than predicted — lost 4 places from grid,-0.8337954545454545,28.314,1,5,1,-7.0,-4.0
2026,10,Belgian Grand Prix,Gabriel Bortoleto,Audi,9,2,2,8.0,Finished,correct,Correct,-0.26275,23.127,1,5,1,0.0,1.0
2026,10,Belgian Grand Prix,Arvid Lindblad,RB F1 Team,8,2,2,9.0,Finished,correct,Correct,-0.23397727272727273,24.81,1,5,1,1.0,-1.0
2026,10,Belgian Grand Prix,Franco Colapinto,Alpine F1 Team,13,3,2,10.0,Finished,under_predict,Finished better than predicted — gained 3 places from grid,0.34854545454545455,24.146,1,5,1,5.0,3.0
2026,10,Belgian Grand Prix,Pierre Gasly,Alpine F1 Team,12,3,3,11.0,Finished,correct,Correct,0.37022727272727274,24.177,1,5,1,1.0,1.0
2026,10,Belgian Grand Prix,Liam Lawson,RB F1 Team,11,3,3,12.0,Finished,correct,Correct,0.38231818181818183,23.722,1,5,1,5.0,-1.0
2026,10,Belgian Grand Prix,Nico Hülkenberg,Audi,14,3,3,13.0,Finished,correct,Correct,0.4010681818181818,26.098,1,5,1,1.0,1.0
2026,10,Belgian Grand Prix,Oliver Bearman,Haas F1 Team,16,3,3,14.0,Finished,correct,Correct,0.7673636363636364,55.536,2,5,1,1.0,2.0
2026,10,Belgian Grand Prix,Alexander Albon,Williams,17,3,3,15.0,Finished,correct,Correct,0.9996136363636364,22.638,1,5,1,5.0,2.0
2026,10,Belgian Grand Prix,Carlos Sainz,Williams,15,3,3,16.0,Finished,correct,Correct,1.02625,34.841,1,5,1,1.0,-1.0
2026,10,Belgian Grand Prix,Esteban Ocon,Haas F1 Team,18,3,3,17.0,Finished,correct,Correct,1.1414545454545455,57.864000000000004,2,5,1,-3.0,1.0
2026,10,Belgian Grand Prix,Valtteri Bottas,Cadillac F1 Team,19,3,3,18.0,Lapped,correct,Correct,2.5896046511627904,56.504000000000005,2,5,1,-1.0,1.0
2026,10,Belgian Grand Prix,Fernando Alonso,Aston Martin,21,3,3,19.0,Lapped,correct,Correct,4.342952380952381,47.936,2,5,1,4.0,2.0
2026,10,Belgian Grand Prix,Lance Stroll,Aston Martin,22,3,3,20.0,Retired,correct_dnf,Correct — predicted out-of-points; the DNF delivered it,3.86612,31.649,1,5,1,3.0,2.0
2026,10,Belgian Grand Prix,Sergio Pérez,Cadillac F1 Team,20,3,3,21.0,Retired,correct_dnf,Correct — predicted out-of-points; the DNF delivered it,6.110538461538462,52.989000000000004,2,5,1,2.0,-1.0
2026,10,Belgian Grand Prix,George Russell,Mercedes,4,2,3,22.0,Retired,dnf_other,DNF destroyed the predicted outcome,,0.0,0,5,1,,
2026,11,Hungarian Grand Prix,Lando Norris,McLaren,1,1,1,1.0,Finished,correct,Correct,-1.1091142857142857,66.137,3,0,0,-1.0,0.0
2026,11,Hungarian Grand Prix,Max Verstappen,Red Bull,6,2,1,2.0,Finished,under_predict,Finished better than predicted — fast race pace (-0.89s/lap vs field median) — gained 4 places from grid,-0.8936857142857143,43.64,2,0,0,3.0,4.0
2026,11,Hungarian Grand Prix,Andrea Kimi Antonelli,Mercedes,4,2,1,3.0,Finished,under_predict,Finished better than predicted — fast race pace (-0.84s/lap vs field median),-0.8415714285714285,42.684,2,0,0,-2.0,1.0
2026,11,Hungarian Grand Prix,Charles Leclerc,Ferrari,3,1,2,4.0,Finished,over_predict,Finished worse than predicted,-0.7685428571428571,65.63900000000001,3,0,0,-2.0,-2.0
2026,11,Hungarian Grand Prix,Lewis Hamilton,Ferrari,2,1,2,5.0,Finished,over_predict,Finished worse than predicted,-0.8299714285714286,65.861,3,0,0,-2.0,-2.0
2026,11,Hungarian Grand Prix,Isack Hadjar,Red Bull,8,2,2,6.0,Finished,correct,Correct,-0.31642857142857145,44.033,2,0,0,1.0,2.0
2026,11,Hungarian Grand Prix,George Russell,Mercedes,7,2,2,7.0,Finished,correct,Correct,-0.28764285714285714,44.266,2,0,0,-12.0,0.0
2026,11,Hungarian Grand Prix,Liam Lawson,RB F1 Team,11,3,2,8.0,Lapped,under_predict,Finished better than predicted — gained 3 places from grid,0.4930434782608696,43.521,2,0,0,3.0,3.0
2026,11,Hungarian Grand Prix,Nico Hülkenberg,Audi,10,2,2,9.0,Lapped,correct,Correct,0.5270869565217391,43.606,2,0,0,0.0,1.0
2026,11,Hungarian Grand Prix,Arvid Lindblad,RB F1 Team,9,2,2,10.0,Lapped,correct,Correct,0.8266231884057971,21.395,1,0,0,0.0,-1.0
2026,11,Hungarian Grand Prix,Gabriel Bortoleto,Audi,14,3,3,11.0,Lapped,correct,Correct,0.8407971014492753,21.749,1,0,0,1.0,3.0
2026,11,Hungarian Grand Prix,Pierre Gasly,Alpine F1 Team,12,3,3,12.0,Lapped,correct,Correct,0.8611014492753624,64.77199999999999,3,0,0,1.0,0.0
2026,11,Hungarian Grand Prix,Lance Stroll,Aston Martin,20,3,3,13.0,Lapped,correct,Correct,1.0118115942028985,46.03,2,0,0,0.0,7.0
2026,11,Hungarian Grand Prix,Fernando Alonso,Aston Martin,16,3,3,14.0,Lapped,correct,Correct,1.0440434782608694,44.788,2,0,0,1.0,2.0
2026,11,Hungarian Grand Prix,Franco Colapinto,Alpine F1 Team,13,3,3,15.0,Lapped,correct,Correct,1.3855220588235295,45.201,2,0,0,-1.0,-2.0
2026,11,Hungarian Grand Prix,Esteban Ocon,Haas F1 Team,15,3,3,16.0,Lapped,correct,Correct,1.517625,44.903999999999996,2,0,0,3.0,-1.0
2026,11,Hungarian Grand Prix,Alexander Albon,Williams,19,3,3,17.0,Lapped,correct,Correct,2.103948529411765,44.862,2,0,0,1.0,1.0
2026,11,Hungarian Grand Prix,Carlos Sainz,Williams,18,3,3,18.0,Lapped,correct,Correct,2.1075367647058822,72.35400000000001,3,0,0,1.0,-1.0
2026,11,Hungarian Grand Prix,Oliver Bearman,Haas F1 Team,17,3,3,19.0,Lapped,correct,Correct,2.096139705882353,44.84,2,0,0,1.0,0.0
2026,11,Hungarian Grand Prix,Oscar Piastri,McLaren,5,2,3,20.0,Retired,dnf_other,DNF destroyed the predicted outcome,-1.0712272727272727,43.485,2,0,0,4.0,3.0
2026,11,Hungarian Grand Prix,Sergio Pérez,Cadillac F1 Team,22,3,3,21.0,Retired,correct_dnf,Correct — predicted out-of-points; the DNF delivered it,4.259989583333333,47.473,2,0,0,0.0,1.0
2026,11,Hungarian Grand Prix,Valtteri Bottas,Cadillac F1 Team,21,3,3,22.0,Retired,correct_dnf,Correct — predicted out-of-points; the DNF delivered it,1.7768846153846154,0.0,0,0,0,0.0,1.0
